USE redoair;

INSERT INTO `airline` (`name`) VALUES ("Cursus In Hendrerit Institute"),("Metus In Lorem Industries"),("Id Erat Etiam Associates"),("Nunc Mauris Company"),("Consequat Nec Mollis Industries"),("Libero Dui Nec Inc."),("Quam Curabitur Incorporated"),("At Fringilla Inc."),("Luctus Felis Associates"),("Ut Mi Foundation");
INSERT INTO `airline` (`name`) VALUES ("Ac Corp."),("Vel Arcu Curabitur Foundation"),("Nec Consulting"),("Mauris PC"),("Maecenas Libero Est Limited"),("Purus Consulting"),("Mauris Foundation"),("Non Sapien Foundation"),("Et Tristique Industries"),("Ultricies Incorporated");
INSERT INTO `airline` (`name`) VALUES ("Suspendisse Tristique Corporation"),("At LLP"),("Donec Tempor Corporation"),("Nunc Laoreet Company"),("Nulla Tincidunt Consulting"),("Egestas LLP"),("Sed Neque Associates"),("Ipsum Sodales Purus Industries"),("Turpis In Associates"),("Lorem Company");
INSERT INTO `airline` (`name`) VALUES ("Elit Erat Company"),("Pede Consulting"),("Nec Metus LLC"),("Viverra Donec Tempus LLP"),("Vel Lectus LLP"),("Mollis Corporation"),("Proin Company"),("Aenean Eget Magna Company"),("Mauris Industries"),("Luctus LLP");
INSERT INTO `airline` (`name`) VALUES ("Mus Aenean Eget LLP"),("Ullamcorper Eu Euismod PC"),("Enim Consequat Purus Corp."),("Sed PC"),("Tincidunt Pede Ac Associates"),("Ante Institute"),("Sodales Nisi Limited"),("Mattis Limited"),("Aliquet LLC"),("Gravida Sit Amet Inc.");
INSERT INTO `airline` (`name`) VALUES ("Magna Nam Ligula Industries"),("Nunc Quisque Inc."),("In Aliquet Corporation"),("Feugiat Non Lobortis Incorporated"),("Aenean PC"),("Parturient Limited"),("Elit Etiam Limited"),("Nisi A Associates"),("Orci Luctus Inc."),("Tellus Imperdiet Non Associates");
INSERT INTO `airline` (`name`) VALUES ("Mauris Incorporated"),("Diam Foundation"),("Mattis Semper Dui Ltd"),("Placerat Consulting"),("Eget PC"),("Est Mauris Eu Foundation"),("Nulla Cras Limited"),("Velit Quisque Incorporated"),("A Feugiat Tellus PC"),("Ac Mattis Velit Associates");
INSERT INTO `airline` (`name`) VALUES ("Sem Nulla Interdum LLC"),("Euismod Enim Etiam Corporation"),("Duis Risus Odio Foundation"),("Nibh Donec PC"),("Orci Ut Semper Company"),("Dolor Nonummy Ac Corp."),("Lorem Ipsum Dolor Inc."),("At Auctor Company"),("In Consequat Consulting"),("Augue Company");
INSERT INTO `airline` (`name`) VALUES ("Nullam Associates"),("In Felis Industries"),("Enim Etiam Imperdiet Inc."),("Augue LLP"),("Per Conubia Foundation"),("Lectus Quis Limited"),("Sem LLC"),("Malesuada Fames Ac Institute"),("Libero Dui Foundation"),("Sociis Natoque Limited");
INSERT INTO `airline` (`name`) VALUES ("Hendrerit Ltd"),("Nibh Sit PC"),("Porttitor Scelerisque Neque Foundation"),("Dui Fusce Diam Industries"),("Nec Eleifend Ltd"),("Tempor Augue PC"),("Quis Pede LLC"),("Ultricies Industries"),("Netus LLC"),("Mauris Institute");

INSERT INTO `country` (`id`,`name`) VALUES (1,'Denmark');
INSERT INTO `country` (`id`,`name`) VALUES (2,'Iran');
INSERT INTO `country` (`id`,`name`) VALUES (3,'Chad');
INSERT INTO `country` (`id`,`name`) VALUES (4,'United Kingdom');
INSERT INTO `country` (`id`,`name`) VALUES (5,'USA');
INSERT INTO `country` (`id`,`name`) VALUES (6,'Ivory Coast');
INSERT INTO `country` (`id`,`name`) VALUES (7,'UAE');
INSERT INTO `country` (`id`,`name`) VALUES (8,'Nigeria');
INSERT INTO `country` (`id`,`name`) VALUES (9,'Egypt');
INSERT INTO `country` (`id`,`name`) VALUES (10,'Mexico');
INSERT INTO `country` (`id`,`name`) VALUES (11,'Ghana');
INSERT INTO `country` (`id`,`name`) VALUES (12,'Turkey');
INSERT INTO `country` (`id`,`name`) VALUES (13,'Ethiopia');
INSERT INTO `country` (`id`,`name`) VALUES (14,'Australia');
INSERT INTO `country` (`id`,`name`) VALUES (15,'Yemen');
INSERT INTO `country` (`id`,`name`) VALUES (16,'Russia');
INSERT INTO `country` (`id`,`name`) VALUES (17,'Niger');
INSERT INTO `country` (`id`,`name`) VALUES (18,'Morocco');
INSERT INTO `country` (`id`,`name`) VALUES (19,'Guam');
INSERT INTO `country` (`id`,`name`) VALUES (20,'South Africa');
INSERT INTO `country` (`id`,`name`) VALUES (21,'Puerto Rico');
INSERT INTO `country` (`id`,`name`) VALUES (22,'India');
INSERT INTO `country` (`id`,`name`) VALUES (23,'France');
INSERT INTO `country` (`id`,`name`) VALUES (24,'Japan');
INSERT INTO `country` (`id`,`name`) VALUES (25,'Cyprus');
INSERT INTO `country` (`id`,`name`) VALUES (26,'Kazakhstan');
INSERT INTO `country` (`id`,`name`) VALUES (27,'Norway');
INSERT INTO `country` (`id`,`name`) VALUES (28,'Italy');
INSERT INTO `country` (`id`,`name`) VALUES (29,'Algeria');
INSERT INTO `country` (`id`,`name`) VALUES (30,'Spain');
INSERT INTO `country` (`id`,`name`) VALUES (31,'Syria');
INSERT INTO `country` (`id`,`name`) VALUES (32,'Switzerland');
INSERT INTO `country` (`id`,`name`) VALUES (33,'Jordan');
INSERT INTO `country` (`id`,`name`) VALUES (34,'Netherlands');
INSERT INTO `country` (`id`,`name`) VALUES (35,'Andorra');
INSERT INTO `country` (`id`,`name`) VALUES (36,'Anguilla');
INSERT INTO `country` (`id`,`name`) VALUES (37,'Comoros (Comores)');
INSERT INTO `country` (`id`,`name`) VALUES (38,'Madagascar');
INSERT INTO `country` (`id`,`name`) VALUES (39,'Antigua');
INSERT INTO `country` (`id`,`name`) VALUES (40,'Belgium');
INSERT INTO `country` (`id`,`name`) VALUES (41,'Samoa');
INSERT INTO `country` (`id`,`name`) VALUES (42,'Brazil');
INSERT INTO `country` (`id`,`name`) VALUES (43,'Russian Federation');
INSERT INTO `country` (`id`,`name`) VALUES (44,'Tanzania');
INSERT INTO `country` (`id`,`name`) VALUES (45,'Greece');
INSERT INTO `country` (`id`,`name`) VALUES (46,'Colombia');
INSERT INTO `country` (`id`,`name`) VALUES (47,'Aruba');
INSERT INTO `country` (`id`,`name`) VALUES (48,'Turkmenistan');
INSERT INTO `country` (`id`,`name`) VALUES (49,'Paraguay');
INSERT INTO `country` (`id`,`name`) VALUES (50,'Canada');
INSERT INTO `country` (`id`,`name`) VALUES (51,'New Zealand');
INSERT INTO `country` (`id`,`name`) VALUES (52,'Germany');
INSERT INTO `country` (`id`,`name`) VALUES (53,'Iraq');
INSERT INTO `country` (`id`,`name`) VALUES (54,'Pakistan');
INSERT INTO `country` (`id`,`name`) VALUES (55,'Bahrain');
INSERT INTO `country` (`id`,`name`) VALUES (56,'Azerbaijan');
INSERT INTO `country` (`id`,`name`) VALUES (57,'Mali');
INSERT INTO `country` (`id`,`name`) VALUES (58,'Central African Republic');
INSERT INTO `country` (`id`,`name`) VALUES (59,'Brunei');
INSERT INTO `country` (`id`,`name`) VALUES (60,'Thailand');
INSERT INTO `country` (`id`,`name`) VALUES (61,'Gambia');
INSERT INTO `country` (`id`,`name`) VALUES (62,'Venezuela');
INSERT INTO `country` (`id`,`name`) VALUES (63,'Bangladesh');
INSERT INTO `country` (`id`,`name`) VALUES (64,'Switzerland/France');
INSERT INTO `country` (`id`,`name`) VALUES (65,'China');
INSERT INTO `country` (`id`,`name`) VALUES (66,'Mozambique');
INSERT INTO `country` (`id`,`name`) VALUES (67,'Lebanon');
INSERT INTO `country` (`id`,`name`) VALUES (68,'Yugoslavia');
INSERT INTO `country` (`id`,`name`) VALUES (69,'Belize');
INSERT INTO `country` (`id`,`name`) VALUES (70,'Libya');
INSERT INTO `country` (`id`,`name`) VALUES (71,'Angola');
INSERT INTO `country` (`id`,`name`) VALUES (72,'Bermuda');
INSERT INTO `country` (`id`,`name`) VALUES (73,'Malaysia');
INSERT INTO `country` (`id`,`name`) VALUES (74,'Guinea Bissau');
INSERT INTO `country` (`id`,`name`) VALUES (75,'Malawi');
INSERT INTO `country` (`id`,`name`) VALUES (76,'Burkina Faso');
INSERT INTO `country` (`id`,`name`) VALUES (77,'Netherlands Antilles');
INSERT INTO `country` (`id`,`name`) VALUES (78,'French Polynesia');
INSERT INTO `country` (`id`,`name`) VALUES (79,'Bulgaria');
INSERT INTO `country` (`id`,`name`) VALUES (80,'Slovakia');
INSERT INTO `country` (`id`,`name`) VALUES (81,'Congo');
INSERT INTO `country` (`id`,`name`) VALUES (82,'Barbados');
INSERT INTO `country` (`id`,`name`) VALUES (83,'Hungary');
INSERT INTO `country` (`id`,`name`) VALUES (84,'Argentina');
INSERT INTO `country` (`id`,`name`) VALUES (85,'Zimbabwe');
INSERT INTO `country` (`id`,`name`) VALUES (86,'Burundi');
INSERT INTO `country` (`id`,`name`) VALUES (87,'Romania');
INSERT INTO `country` (`id`,`name`) VALUES (88,'Dominican Republic');
INSERT INTO `country` (`id`,`name`) VALUES (89,'French Guayana');
INSERT INTO `country` (`id`,`name`) VALUES (90,'Philippines');
INSERT INTO `country` (`id`,`name`) VALUES (91,'Zambia');
INSERT INTO `country` (`id`,`name`) VALUES (92,'Iceland');
INSERT INTO `country` (`id`,`name`) VALUES (93,'Bahamas');
INSERT INTO `country` (`id`,`name`) VALUES (94,'Bolivia');
INSERT INTO `country` (`id`,`name`) VALUES (95,'Sri Lanka');
INSERT INTO `country` (`id`,`name`) VALUES (96,'Guinea');
INSERT INTO `country` (`id`,`name`) VALUES (97,'Ireland');
INSERT INTO `country` (`id`,`name`) VALUES (98,'Benin');
INSERT INTO `country` (`id`,`name`) VALUES (99,'Senegal');
INSERT INTO `country` (`id`,`name`) VALUES (100,'Indonesia');
INSERT INTO `country` (`id`,`name`) VALUES (101,'Saudi Arabia');
INSERT INTO `country` (`id`,`name`) VALUES (102,'Tunisia');
INSERT INTO `country` (`id`,`name`) VALUES (103,'Djibouti');
INSERT INTO `country` (`id`,`name`) VALUES (104,'Qatar');
INSERT INTO `country` (`id`,`name`) VALUES (105,'Cameroon');
INSERT INTO `country` (`id`,`name`) VALUES (106,'Croatia (Hrvatska)');
INSERT INTO `country` (`id`,`name`) VALUES (107,'Tadschikistan');
INSERT INTO `country` (`id`,`name`) VALUES (108,'Mayotte');
INSERT INTO `country` (`id`,`name`) VALUES (109,'Chile');
INSERT INTO `country` (`id`,`name`) VALUES (110,'Israel');
INSERT INTO `country` (`id`,`name`) VALUES (111,'Finland');
INSERT INTO `country` (`id`,`name`) VALUES (112,'Uganda');
INSERT INTO `country` (`id`,`name`) VALUES (113,'Armenia');
INSERT INTO `country` (`id`,`name`) VALUES (114,'Portugal');
INSERT INTO `country` (`id`,`name`) VALUES (115,'Martinique');
INSERT INTO `country` (`id`,`name`) VALUES (116,'Sierra Leone');
INSERT INTO `country` (`id`,`name`) VALUES (117,'Wallis and Futuna Islands');
INSERT INTO `country` (`id`,`name`) VALUES (118,'Botswana');
INSERT INTO `country` (`id`,`name`) VALUES (119,'Poland');
INSERT INTO `country` (`id`,`name`) VALUES (120,'Guyana');
INSERT INTO `country` (`id`,`name`) VALUES (121,'Gibraltar');
INSERT INTO `country` (`id`,`name`) VALUES (122,'Sweden');
INSERT INTO `country` (`id`,`name`) VALUES (123,'Cayman Islands');
INSERT INTO `country` (`id`,`name`) VALUES (124,'Austria');
INSERT INTO `country` (`id`,`name`) VALUES (125,'Grenada');
INSERT INTO `country` (`id`,`name`) VALUES (126,'Solomon Islands');
INSERT INTO `country` (`id`,`name`) VALUES (127,'Guatemala');
INSERT INTO `country` (`id`,`name`) VALUES (128,'Ecuador');
INSERT INTO `country` (`id`,`name`) VALUES (129,'Viet Nam');
INSERT INTO `country` (`id`,`name`) VALUES (130,'Cuba');
INSERT INTO `country` (`id`,`name`) VALUES (131,'Hong Kong');
INSERT INTO `country` (`id`,`name`) VALUES (132,'Ibiza/Spain');
INSERT INTO `country` (`id`,`name`) VALUES (133,'New Caledonia');
INSERT INTO `country` (`id`,`name`) VALUES (134,'Peru');
INSERT INTO `country` (`id`,`name`) VALUES (135,'Afghanistan');
INSERT INTO `country` (`id`,`name`) VALUES (136,'Taiwan');
INSERT INTO `country` (`id`,`name`) VALUES (137,'Sudan');
INSERT INTO `country` (`id`,`name`) VALUES (138,'Nepal');
INSERT INTO `country` (`id`,`name`) VALUES (139,'Namibia');
INSERT INTO `country` (`id`,`name`) VALUES (140,'Ukraine');
INSERT INTO `country` (`id`,`name`) VALUES (141,'Rwanda');
INSERT INTO `country` (`id`,`name`) VALUES (142,'King Island');
INSERT INTO `country` (`id`,`name`) VALUES (143,'Jamaica');
INSERT INTO `country` (`id`,`name`) VALUES (144,'Congo (Zaire)');
INSERT INTO `country` (`id`,`name`) VALUES (145,'Zaire');
INSERT INTO `country` (`id`,`name`) VALUES (146,'Kuwait');
INSERT INTO `country` (`id`,`name`) VALUES (147,'Papua New Guinea');
INSERT INTO `country` (`id`,`name`) VALUES (148,'Gabon');
INSERT INTO `country` (`id`,`name`) VALUES (149,'Pazifik Loyaute');
INSERT INTO `country` (`id`,`name`) VALUES (150,'Democratic Republic of The Congo');
INSERT INTO `country` (`id`,`name`) VALUES (151,'Slovenia');
INSERT INTO `country` (`id`,`name`) VALUES (152,'Togo');
INSERT INTO `country` (`id`,`name`) VALUES (153,'Svalbard/Norway');
INSERT INTO `country` (`id`,`name`) VALUES (154,'Teneriffa/Spain');
INSERT INTO `country` (`id`,`name`) VALUES (155,'Malta');
INSERT INTO `country` (`id`,`name`) VALUES (156,'Luxembourg');
INSERT INTO `country` (`id`,`name`) VALUES (157,'Seychelles');
INSERT INTO `country` (`id`,`name`) VALUES (158,'Equatorial Guinea');
INSERT INTO `country` (`id`,`name`) VALUES (159,'Maledives');
INSERT INTO `country` (`id`,`name`) VALUES (160,'Kenya');
INSERT INTO `country` (`id`,`name`) VALUES (161,'Nicaragua');
INSERT INTO `country` (`id`,`name`) VALUES (162,'Swaziland');
INSERT INTO `country` (`id`,`name`) VALUES (163,'Lesotho');
INSERT INTO `country` (`id`,`name`) VALUES (164,'Mauritius');
INSERT INTO `country` (`id`,`name`) VALUES (165,'Belarus');
INSERT INTO `country` (`id`,`name`) VALUES (166,'Somalia');
INSERT INTO `country` (`id`,`name`) VALUES (167,'Liberia');
INSERT INTO `country` (`id`,`name`) VALUES (168,'Uruguay');
INSERT INTO `country` (`id`,`name`) VALUES (169,'Bosnia and Herzegovina');
INSERT INTO `country` (`id`,`name`) VALUES (170,'Oman');
INSERT INTO `country` (`id`,`name`) VALUES (171,'Fiji');

INSERT INTO `airport` (`id`,`airportCode`,`city`,`name`,`country_id`) VALUES (1,'AAR','Aarhus','Aarhus',1);
INSERT INTO `airport` (`id`,`airportCode`,`city`,`name`,`country_id`) VALUES (2,'ABD','Abadan','Abadan',2);
INSERT INTO `airport` (`id`,`airportCode`,`city`,`name`,`country_id`) VALUES (3,'AEH','Abeche','Abeche',3);
INSERT INTO `airport` (`id`,`airportCode`,`city`,`name`,`country_id`) VALUES (4,'ABZ','Aberdeen','Aberdeen',4);
INSERT INTO `airport` (`id`,`airportCode`,`city`,`name`,`country_id`) VALUES (5,'ABR','Aberdeen','Aberdeen',5);
INSERT INTO `airport` (`id`,`airportCode`,`city`,`name`,`country_id`) VALUES (6,'ABJ','Abidjan','Abidjan',6);
INSERT INTO `airport` (`id`,`airportCode`,`city`,`name`,`country_id`) VALUES (7,'ABI','Abilene','Abilene',5);
INSERT INTO `airport` (`id`,`airportCode`,`city`,`name`,`country_id`) VALUES (8,'AUH','Abu','Abu Dhabi',7);
INSERT INTO `airport` (`id`,`airportCode`,`city`,`name`,`country_id`) VALUES (9,'ABV','Abuja','Abuja International',8);
INSERT INTO `airport` (`id`,`airportCode`,`city`,`name`,`country_id`) VALUES (10,'AUE','Abu','Abu Rudeis',9);
INSERT INTO `airport` (`id`,`airportCode`,`city`,`name`,`country_id`) VALUES (11,'ABS','Abu','Abu Simbel',9);
INSERT INTO `airport` (`id`,`airportCode`,`city`,`name`,`country_id`) VALUES (12,'ACA','Acapulco','Acapulco',10);
INSERT INTO `airport` (`id`,`airportCode`,`city`,`name`,`country_id`) VALUES (13,'ACC','Accra','Accra',11);
INSERT INTO `airport` (`id`,`airportCode`,`city`,`name`,`country_id`) VALUES (14,'ADA','Adana','Adana',12);
INSERT INTO `airport` (`id`,`airportCode`,`city`,`name`,`country_id`) VALUES (15,'ADD','Addis','Addis Ababa',13);
INSERT INTO `airport` (`id`,`airportCode`,`city`,`name`,`country_id`) VALUES (16,'ADL','Adelaide','Adelaide',14);
INSERT INTO `airport` (`id`,`airportCode`,`city`,`name`,`country_id`) VALUES (17,'ADE','Aden','Aden',15);
INSERT INTO `airport` (`id`,`airportCode`,`city`,`name`,`country_id`) VALUES (18,'AER','Adler/Sochi','Adler/Sochi',16);
INSERT INTO `airport` (`id`,`airportCode`,`city`,`name`,`country_id`) VALUES (19,'AJY','Agades','Agades',17);
INSERT INTO `airport` (`id`,`airportCode`,`city`,`name`,`country_id`) VALUES (20,'AGA','Agadir','Agadir',18);
INSERT INTO `airport` (`id`,`airportCode`,`city`,`name`,`country_id`) VALUES (21,'SUM','Agana','Agana',19);
INSERT INTO `airport` (`id`,`airportCode`,`city`,`name`,`country_id`) VALUES (22,'AGZ','Aggeneys','Aggeneys',20);
INSERT INTO `airport` (`id`,`airportCode`,`city`,`name`,`country_id`) VALUES (23,'BQN','Aguadilla','Aguadilla',21);
INSERT INTO `airport` (`id`,`airportCode`,`city`,`name`,`country_id`) VALUES (24,'AGU','Aguascaliente','Aguascaliente',10);
INSERT INTO `airport` (`id`,`airportCode`,`city`,`name`,`country_id`) VALUES (25,'AMD','Ahmedabad','Ahmedabad',22);
INSERT INTO `airport` (`id`,`airportCode`,`city`,`name`,`country_id`) VALUES (26,'AJA','Ajaccio','Ajaccio',23);
INSERT INTO `airport` (`id`,`airportCode`,`city`,`name`,`country_id`) VALUES (27,'AXT','Akita','Akita',24);
INSERT INTO `airport` (`id`,`airportCode`,`city`,`name`,`country_id`) VALUES (28,'CAK','Akron','Akron',5);
INSERT INTO `airport` (`id`,`airportCode`,`city`,`name`,`country_id`) VALUES (29,'AKT','Akrotiri','Akrotiri - RAF',25);
INSERT INTO `airport` (`id`,`airportCode`,`city`,`name`,`country_id`) VALUES (30,'ADX','Aktyubinsk','Aktyubinsk',26);
INSERT INTO `airport` (`id`,`airportCode`,`city`,`name`,`country_id`) VALUES (31,'AAC','Al','Al Arish',9);
INSERT INTO `airport` (`id`,`airportCode`,`city`,`name`,`country_id`) VALUES (32,'AHU','Al','Al Hoceima',18);
INSERT INTO `airport` (`id`,`airportCode`,`city`,`name`,`country_id`) VALUES (33,'ALH','Albany','Albany',14);
INSERT INTO `airport` (`id`,`airportCode`,`city`,`name`,`country_id`) VALUES (34,'ABY','Albany','Albany',5);
INSERT INTO `airport` (`id`,`airportCode`,`city`,`name`,`country_id`) VALUES (35,'ALB','Albany','Albany',5);
INSERT INTO `airport` (`id`,`airportCode`,`city`,`name`,`country_id`) VALUES (36,'LBI','Albi','Albi',23);
INSERT INTO `airport` (`id`,`airportCode`,`city`,`name`,`country_id`) VALUES (37,'AAL','Alborg','Alborg',1);
INSERT INTO `airport` (`id`,`airportCode`,`city`,`name`,`country_id`) VALUES (38,'ABQ','Albuquerque','Albuquerque',5);
INSERT INTO `airport` (`id`,`airportCode`,`city`,`name`,`country_id`) VALUES (39,'ABX','Albury','Albury',14);
INSERT INTO `airport` (`id`,`airportCode`,`city`,`name`,`country_id`) VALUES (40,'AES','Alesund','Alesund',27);
INSERT INTO `airport` (`id`,`airportCode`,`city`,`name`,`country_id`) VALUES (41,'ALJ','Alexander','Alexander Bay',20);
INSERT INTO `airport` (`id`,`airportCode`,`city`,`name`,`country_id`) VALUES (42,'ALY','Alexandria,','Alexandria, El Nhouza Airport',9);
INSERT INTO `airport` (`id`,`airportCode`,`city`,`name`,`country_id`) VALUES (43,'ESF','Alexandria','Alexandria',5);
INSERT INTO `airport` (`id`,`airportCode`,`city`,`name`,`country_id`) VALUES (44,'FJR','Alfujairah','Alfujairah (Fujairah)',7);
INSERT INTO `airport` (`id`,`airportCode`,`city`,`name`,`country_id`) VALUES (45,'AHO','Alghero','Alghero Sassari',28);
INSERT INTO `airport` (`id`,`airportCode`,`city`,`name`,`country_id`) VALUES (46,'ALG','Algiers','Algiers',29);
INSERT INTO `airport` (`id`,`airportCode`,`city`,`name`,`country_id`) VALUES (47,'ALC','Alicante','Alicante',30);
INSERT INTO `airport` (`id`,`airportCode`,`city`,`name`,`country_id`) VALUES (48,'ASP','Alice','Alice Springs',14);
INSERT INTO `airport` (`id`,`airportCode`,`city`,`name`,`country_id`) VALUES (49,'ADY','Alldays','Alldays',20);
INSERT INTO `airport` (`id`,`airportCode`,`city`,`name`,`country_id`) VALUES (50,'ABE','Allentown','Allentown',5);
INSERT INTO `airport` (`id`,`airportCode`,`city`,`name`,`country_id`) VALUES (51,'ALA','Alma','Alma Ata',26);
INSERT INTO `airport` (`id`,`airportCode`,`city`,`name`,`country_id`) VALUES (52,'LEI','Almeria','Almeria',30);
INSERT INTO `airport` (`id`,`airportCode`,`city`,`name`,`country_id`) VALUES (53,'ALP','Aleppo','Aleppo',31);
INSERT INTO `airport` (`id`,`airportCode`,`city`,`name`,`country_id`) VALUES (54,'ALF','Alta','Alta',27);
INSERT INTO `airport` (`id`,`airportCode`,`city`,`name`,`country_id`) VALUES (55,'ACH','Altenrhein','Altenrhein',32);
INSERT INTO `airport` (`id`,`airportCode`,`city`,`name`,`country_id`) VALUES (56,'AOO','Altoona','Altoona',5);
INSERT INTO `airport` (`id`,`airportCode`,`city`,`name`,`country_id`) VALUES (57,'ASJ','Amami','Amami',24);
INSERT INTO `airport` (`id`,`airportCode`,`city`,`name`,`country_id`) VALUES (58,'AMA','Amarillo','Amarillo',5);
INSERT INTO `airport` (`id`,`airportCode`,`city`,`name`,`country_id`) VALUES (59,'AMM','Amman','Amman',33);
INSERT INTO `airport` (`id`,`airportCode`,`city`,`name`,`country_id`) VALUES (60,'ATQ','Amritsar','Amritsar',22);
INSERT INTO `airport` (`id`,`airportCode`,`city`,`name`,`country_id`) VALUES (61,'AMS','Amsterdam,','Amsterdam, Schiphol',34);
INSERT INTO `airport` (`id`,`airportCode`,`city`,`name`,`country_id`) VALUES (62,'QNB','Anand','Anand',22);
INSERT INTO `airport` (`id`,`airportCode`,`city`,`name`,`country_id`) VALUES (63,'ANC','Anchorage','Anchorage',5);
INSERT INTO `airport` (`id`,`airportCode`,`city`,`name`,`country_id`) VALUES (64,'AOI','Ancona','Ancona',28);
INSERT INTO `airport` (`id`,`airportCode`,`city`,`name`,`country_id`) VALUES (65,'ALV','Andorra','Andorra La Vella H/P',35);
INSERT INTO `airport` (`id`,`airportCode`,`city`,`name`,`country_id`) VALUES (66,'AXA','Anguilla','Anguilla',36);
INSERT INTO `airport` (`id`,`airportCode`,`city`,`name`,`country_id`) VALUES (67,'AJN','Anjouan','Anjouan',37);
INSERT INTO `airport` (`id`,`airportCode`,`city`,`name`,`country_id`) VALUES (68,'ANK','Ankara','Ankara',12);
INSERT INTO `airport` (`id`,`airportCode`,`city`,`name`,`country_id`) VALUES (69,'AAE','Annaba','Annaba',29);
INSERT INTO `airport` (`id`,`airportCode`,`city`,`name`,`country_id`) VALUES (70,'ARB','Ann','Ann Arbor',5);
INSERT INTO `airport` (`id`,`airportCode`,`city`,`name`,`country_id`) VALUES (71,'NCY','Annecy','Annecy',23);
INSERT INTO `airport` (`id`,`airportCode`,`city`,`name`,`country_id`) VALUES (72,'ANB','Anniston','Anniston',5);
INSERT INTO `airport` (`id`,`airportCode`,`city`,`name`,`country_id`) VALUES (73,'AYT','Antalya','Antalya',12);
INSERT INTO `airport` (`id`,`airportCode`,`city`,`name`,`country_id`) VALUES (74,'TNR','Antananarivo','Antananarivo (Tanannarive)',38);
INSERT INTO `airport` (`id`,`airportCode`,`city`,`name`,`country_id`) VALUES (75,'ANU','Antigua','Antigua',39);
INSERT INTO `airport` (`id`,`airportCode`,`city`,`name`,`country_id`) VALUES (76,'ANR','Antwerp','Antwerp',40);
INSERT INTO `airport` (`id`,`airportCode`,`city`,`name`,`country_id`) VALUES (77,'AOJ','Aomori','Aomori',24);
INSERT INTO `airport` (`id`,`airportCode`,`city`,`name`,`country_id`) VALUES (78,'APW','Apia','Apia',41);
INSERT INTO `airport` (`id`,`airportCode`,`city`,`name`,`country_id`) VALUES (79,'ATW','Appelton/Neenah/Menasha','Appelton/Neenah/Menasha',5);
INSERT INTO `airport` (`id`,`airportCode`,`city`,`name`,`country_id`) VALUES (80,'AQJ','Aqaba','Aqaba',33);
INSERT INTO `airport` (`id`,`airportCode`,`city`,`name`,`country_id`) VALUES (81,'AJU','Aracaju','Aracaju',42);
INSERT INTO `airport` (`id`,`airportCode`,`city`,`name`,`country_id`) VALUES (82,'ARH','Arkhangelsk','Arkhangelsk',43);
INSERT INTO `airport` (`id`,`airportCode`,`city`,`name`,`country_id`) VALUES (83,'ARK','Arusha','Arusha',44);
INSERT INTO `airport` (`id`,`airportCode`,`city`,`name`,`country_id`) VALUES (84,'GPA','Araxos','Araxos',45);
INSERT INTO `airport` (`id`,`airportCode`,`city`,`name`,`country_id`) VALUES (85,'RLT','Arlit','Arlit',17);
INSERT INTO `airport` (`id`,`airportCode`,`city`,`name`,`country_id`) VALUES (86,'AXS','Armenia','Armenia',46);
INSERT INTO `airport` (`id`,`airportCode`,`city`,`name`,`country_id`) VALUES (87,'ACE','Arrecife/Lanzarote','Arrecife/Lanzarote',30);
INSERT INTO `airport` (`id`,`airportCode`,`city`,`name`,`country_id`) VALUES (88,'AUA','Aruba','Aruba',47);
INSERT INTO `airport` (`id`,`airportCode`,`city`,`name`,`country_id`) VALUES (89,'AVL','Asheville','Asheville',5);
INSERT INTO `airport` (`id`,`airportCode`,`city`,`name`,`country_id`) VALUES (90,'ASB','Ashgabat,','Ashgabat, Ashkhabat',48);
INSERT INTO `airport` (`id`,`airportCode`,`city`,`name`,`country_id`) VALUES (91,'ASE','Aspen','Aspen Snowmass',5);
INSERT INTO `airport` (`id`,`airportCode`,`city`,`name`,`country_id`) VALUES (92,'ATZ','Assiut','Assiut',9);
INSERT INTO `airport` (`id`,`airportCode`,`city`,`name`,`country_id`) VALUES (93,'ASU','Asuncion','Asuncion',49);
INSERT INTO `airport` (`id`,`airportCode`,`city`,`name`,`country_id`) VALUES (94,'ATH','Athens','Athens',45);
INSERT INTO `airport` (`id`,`airportCode`,`city`,`name`,`country_id`) VALUES (95,'ASW','Aswan,','Aswan, Daraw Airport',9);
INSERT INTO `airport` (`id`,`airportCode`,`city`,`name`,`country_id`) VALUES (96,'HEW','Athens,','Athens, Hellinikon Airport',45);
INSERT INTO `airport` (`id`,`airportCode`,`city`,`name`,`country_id`) VALUES (97,'AHN','Athens','Athens',5);
INSERT INTO `airport` (`id`,`airportCode`,`city`,`name`,`country_id`) VALUES (98,'ATO','Athens','Athens',5);
INSERT INTO `airport` (`id`,`airportCode`,`city`,`name`,`country_id`) VALUES (99,'ATL','Atlanta','Atlanta',5);
INSERT INTO `airport` (`id`,`airportCode`,`city`,`name`,`country_id`) VALUES (100,'ACY','Atlantic','Atlantic City',5);
INSERT INTO `airport` (`id`,`airportCode`,`city`,`name`,`country_id`) VALUES (101,'YAT','Attawapiskat,','Attawapiskat, NT',50);
INSERT INTO `airport` (`id`,`airportCode`,`city`,`name`,`country_id`) VALUES (102,'AKL','Auckland','Auckland',51);
INSERT INTO `airport` (`id`,`airportCode`,`city`,`name`,`country_id`) VALUES (103,'AGB','Augsburg','Augsburg',52);
INSERT INTO `airport` (`id`,`airportCode`,`city`,`name`,`country_id`) VALUES (104,'AGS','Augusta','Augusta',5);
INSERT INTO `airport` (`id`,`airportCode`,`city`,`name`,`country_id`) VALUES (105,'AUG','Augusta','Augusta',5);
INSERT INTO `airport` (`id`,`airportCode`,`city`,`name`,`country_id`) VALUES (106,'AUR','Aurillac','Aurillac',23);
INSERT INTO `airport` (`id`,`airportCode`,`city`,`name`,`country_id`) VALUES (107,'AUS','Austin','Austin',5);
INSERT INTO `airport` (`id`,`airportCode`,`city`,`name`,`country_id`) VALUES (108,'AYQ','Ayers','Ayers Rock',14);
INSERT INTO `airport` (`id`,`airportCode`,`city`,`name`,`country_id`) VALUES (109,'AYR','Ayr','Ayr',14);
INSERT INTO `airport` (`id`,`airportCode`,`city`,`name`,`country_id`) VALUES (110,'BJZ','Badajoz','Badajoz',30);
INSERT INTO `airport` (`id`,`airportCode`,`city`,`name`,`country_id`) VALUES (111,'BGW','Bagdad,','Bagdad, Al Muthana',53);
INSERT INTO `airport` (`id`,`airportCode`,`city`,`name`,`country_id`) VALUES (112,'SDA','Bagdad,','Bagdad, Saddam International',53);
INSERT INTO `airport` (`id`,`airportCode`,`city`,`name`,`country_id`) VALUES (113,'BHV','Bahawalpur','Bahawalpur',54);
INSERT INTO `airport` (`id`,`airportCode`,`city`,`name`,`country_id`) VALUES (114,'BAH','Bahrain','Bahrain',55);
INSERT INTO `airport` (`id`,`airportCode`,`city`,`name`,`country_id`) VALUES (115,'BSR','Basra,','Basra, Basrah',53);
INSERT INTO `airport` (`id`,`airportCode`,`city`,`name`,`country_id`) VALUES (116,'BFL','Bakersfield','Bakersfield',5);
INSERT INTO `airport` (`id`,`airportCode`,`city`,`name`,`country_id`) VALUES (117,'BAK','Baku','Baku',56);
INSERT INTO `airport` (`id`,`airportCode`,`city`,`name`,`country_id`) VALUES (118,'BNK','Ballina','Ballina',14);
INSERT INTO `airport` (`id`,`airportCode`,`city`,`name`,`country_id`) VALUES (119,'BWI','Baltimore','Baltimore Washington Int\'l Airport; MD',5);
INSERT INTO `airport` (`id`,`airportCode`,`city`,`name`,`country_id`) VALUES (120,'ABM','Bamaga','Bamaga',14);
INSERT INTO `airport` (`id`,`airportCode`,`city`,`name`,`country_id`) VALUES (121,'BKO','Bamako','Bamako',57);
INSERT INTO `airport` (`id`,`airportCode`,`city`,`name`,`country_id`) VALUES (122,'BBY','Bambari','Bambari',58);
INSERT INTO `airport` (`id`,`airportCode`,`city`,`name`,`country_id`) VALUES (123,'BWN','Bandar','Bandar Seri Begawan',59);
INSERT INTO `airport` (`id`,`airportCode`,`city`,`name`,`country_id`) VALUES (124,'BLR','Bangalore','Bangalore',22);
INSERT INTO `airport` (`id`,`airportCode`,`city`,`name`,`country_id`) VALUES (125,'BGU','Bangassou','Bangassou',58);
INSERT INTO `airport` (`id`,`airportCode`,`city`,`name`,`country_id`) VALUES (126,'BKK','Bangkok','Bangkok',60);
INSERT INTO `airport` (`id`,`airportCode`,`city`,`name`,`country_id`) VALUES (127,'BGR','Bangor','Bangor',5);
INSERT INTO `airport` (`id`,`airportCode`,`city`,`name`,`country_id`) VALUES (128,'BGF','Bangui','Bangui',58);
INSERT INTO `airport` (`id`,`airportCode`,`city`,`name`,`country_id`) VALUES (129,'BJL','Banjul','Banjul',61);
INSERT INTO `airport` (`id`,`airportCode`,`city`,`name`,`country_id`) VALUES (130,'BNP','Bannu','Bannu',54);
INSERT INTO `airport` (`id`,`airportCode`,`city`,`name`,`country_id`) VALUES (131,'BCN','Barcelona','Barcelona',30);
INSERT INTO `airport` (`id`,`airportCode`,`city`,`name`,`country_id`) VALUES (132,'BLA','Barcelona','Barcelona',62);
INSERT INTO `airport` (`id`,`airportCode`,`city`,`name`,`country_id`) VALUES (133,'BDU','Bardufoss','Bardufoss',27);
INSERT INTO `airport` (`id`,`airportCode`,`city`,`name`,`country_id`) VALUES (134,'BRI','Bari','Bari',28);
INSERT INTO `airport` (`id`,`airportCode`,`city`,`name`,`country_id`) VALUES (135,'BZL','Barisal','Barisal',63);
INSERT INTO `airport` (`id`,`airportCode`,`city`,`name`,`country_id`) VALUES (136,'BDQ','Baronda','Baronda',22);
INSERT INTO `airport` (`id`,`airportCode`,`city`,`name`,`country_id`) VALUES (137,'BAQ','Barranquilla','Barranquilla',46);
INSERT INTO `airport` (`id`,`airportCode`,`city`,`name`,`country_id`) VALUES (138,'BSL','Basel','Basel',32);
INSERT INTO `airport` (`id`,`airportCode`,`city`,`name`,`country_id`) VALUES (139,'EAP','Basel/Mulhouse','Basel/Mulhouse',64);
INSERT INTO `airport` (`id`,`airportCode`,`city`,`name`,`country_id`) VALUES (140,'BIA','Bastia','Bastia',23);
INSERT INTO `airport` (`id`,`airportCode`,`city`,`name`,`country_id`) VALUES (141,'BTR','Baton','Baton Rouge',5);
INSERT INTO `airport` (`id`,`airportCode`,`city`,`name`,`country_id`) VALUES (142,'BYU','Bayreuth','Bayreuth',52);
INSERT INTO `airport` (`id`,`airportCode`,`city`,`name`,`country_id`) VALUES (143,'BPT','Beaumont/Pt.','Beaumont/Pt. Arthur',5);
INSERT INTO `airport` (`id`,`airportCode`,`city`,`name`,`country_id`) VALUES (144,'BKW','Beckley','Beckley',5);
INSERT INTO `airport` (`id`,`airportCode`,`city`,`name`,`country_id`) VALUES (145,'PEK','Beijing','Beijing',65);
INSERT INTO `airport` (`id`,`airportCode`,`city`,`name`,`country_id`) VALUES (146,'NAY','Beijing','Beijing - Nanyuan Airport',65);
INSERT INTO `airport` (`id`,`airportCode`,`city`,`name`,`country_id`) VALUES (147,'BEW','Beira','Beira',66);
INSERT INTO `airport` (`id`,`airportCode`,`city`,`name`,`country_id`) VALUES (148,'BEY','Beirut','Beirut',67);
INSERT INTO `airport` (`id`,`airportCode`,`city`,`name`,`country_id`) VALUES (149,'BEL','Belem','Belem',42);
INSERT INTO `airport` (`id`,`airportCode`,`city`,`name`,`country_id`) VALUES (150,'BHD','Belfast','Belfast - Harbour',4);
INSERT INTO `airport` (`id`,`airportCode`,`city`,`name`,`country_id`) VALUES (151,'BFS','Belfast','Belfast International',4);
INSERT INTO `airport` (`id`,`airportCode`,`city`,`name`,`country_id`) VALUES (152,'IXG','Belgaum','Belgaum',22);
INSERT INTO `airport` (`id`,`airportCode`,`city`,`name`,`country_id`) VALUES (153,'BEG','Belgrad','Belgrad (Beograd)',68);
INSERT INTO `airport` (`id`,`airportCode`,`city`,`name`,`country_id`) VALUES (154,'BZE','Belize','Belize City',69);
INSERT INTO `airport` (`id`,`airportCode`,`city`,`name`,`country_id`) VALUES (155,'BLI','Bellingham','Bellingham',5);
INSERT INTO `airport` (`id`,`airportCode`,`city`,`name`,`country_id`) VALUES (156,'CNF','Belo','Belo Horizonte',42);
INSERT INTO `airport` (`id`,`airportCode`,`city`,`name`,`country_id`) VALUES (157,'BJI','Bemidji','Bemidji',5);
INSERT INTO `airport` (`id`,`airportCode`,`city`,`name`,`country_id`) VALUES (158,'BEN','Bengasi','Bengasi',70);
INSERT INTO `airport` (`id`,`airportCode`,`city`,`name`,`country_id`) VALUES (159,'BUG','Bengueka','Bengueka',71);
INSERT INTO `airport` (`id`,`airportCode`,`city`,`name`,`country_id`) VALUES (160,'BEH','Benton','Benton Harbour',5);
INSERT INTO `airport` (`id`,`airportCode`,`city`,`name`,`country_id`) VALUES (161,'BBT','Berberati','Berberati',58);
INSERT INTO `airport` (`id`,`airportCode`,`city`,`name`,`country_id`) VALUES (162,'BGY','Bergamo','Bergamo',28);
INSERT INTO `airport` (`id`,`airportCode`,`city`,`name`,`country_id`) VALUES (163,'BGO','Bergen','Bergen',27);
INSERT INTO `airport` (`id`,`airportCode`,`city`,`name`,`country_id`) VALUES (164,'BER','Berlin','Berlin',52);
INSERT INTO `airport` (`id`,`airportCode`,`city`,`name`,`country_id`) VALUES (165,'SXF','Berlin,','Berlin, Schoenefeld',52);
INSERT INTO `airport` (`id`,`airportCode`,`city`,`name`,`country_id`) VALUES (166,'TXL','Berlin,','Berlin, Tegel',52);
INSERT INTO `airport` (`id`,`airportCode`,`city`,`name`,`country_id`) VALUES (167,'THF','Berlin,','Berlin, Tempelhof',52);
INSERT INTO `airport` (`id`,`airportCode`,`city`,`name`,`country_id`) VALUES (168,'BDA','Bermuda','Bermuda',72);
INSERT INTO `airport` (`id`,`airportCode`,`city`,`name`,`country_id`) VALUES (169,'BRN','Bern','Bern',32);
INSERT INTO `airport` (`id`,`airportCode`,`city`,`name`,`country_id`) VALUES (170,'ZDJ','Bern','Bern',32);
INSERT INTO `airport` (`id`,`airportCode`,`city`,`name`,`country_id`) VALUES (171,'BET','Bethel','Bethel',5);
INSERT INTO `airport` (`id`,`airportCode`,`city`,`name`,`country_id`) VALUES (172,'BHO','Bhopal','Bhopal',22);
INSERT INTO `airport` (`id`,`airportCode`,`city`,`name`,`country_id`) VALUES (173,'BBI','Bhubaneswar','Bhubaneswar',22);
INSERT INTO `airport` (`id`,`airportCode`,`city`,`name`,`country_id`) VALUES (174,'BIQ','Biarritz','Biarritz',23);
INSERT INTO `airport` (`id`,`airportCode`,`city`,`name`,`country_id`) VALUES (175,'BIO','Bilbao','Bilbao',30);
INSERT INTO `airport` (`id`,`airportCode`,`city`,`name`,`country_id`) VALUES (176,'BIL','Billings','Billings',5);
INSERT INTO `airport` (`id`,`airportCode`,`city`,`name`,`country_id`) VALUES (177,'BLL','Billund','Billund',1);
INSERT INTO `airport` (`id`,`airportCode`,`city`,`name`,`country_id`) VALUES (178,'BTU','Bintulu','Bintulu',73);
INSERT INTO `airport` (`id`,`airportCode`,`city`,`name`,`country_id`) VALUES (179,'IRO','Biraro','Biraro',58);
INSERT INTO `airport` (`id`,`airportCode`,`city`,`name`,`country_id`) VALUES (180,'BHX','Birmingham','Birmingham',4);
INSERT INTO `airport` (`id`,`airportCode`,`city`,`name`,`country_id`) VALUES (181,'BHM','Birmingham','Birmingham',5);
INSERT INTO `airport` (`id`,`airportCode`,`city`,`name`,`country_id`) VALUES (182,'BIS','Bismarck/Mandan','Bismarck/Mandan',5);
INSERT INTO `airport` (`id`,`airportCode`,`city`,`name`,`country_id`) VALUES (183,'BXO','Bissau','Bissau',74);
INSERT INTO `airport` (`id`,`airportCode`,`city`,`name`,`country_id`) VALUES (184,'BLT','Blackwater','Blackwater',14);
INSERT INTO `airport` (`id`,`airportCode`,`city`,`name`,`country_id`) VALUES (185,'BLZ','Blantyre','Blantyre',75);
INSERT INTO `airport` (`id`,`airportCode`,`city`,`name`,`country_id`) VALUES (186,'BHE','Blenheim','Blenheim',51);
INSERT INTO `airport` (`id`,`airportCode`,`city`,`name`,`country_id`) VALUES (187,'BFN','Bloemfontein','Bloemfontein',20);
INSERT INTO `airport` (`id`,`airportCode`,`city`,`name`,`country_id`) VALUES (188,'BMI','Bloomington','Bloomington',5);
INSERT INTO `airport` (`id`,`airportCode`,`city`,`name`,`country_id`) VALUES (189,'BMG','Bloomington','Bloomington',5);
INSERT INTO `airport` (`id`,`airportCode`,`city`,`name`,`country_id`) VALUES (190,'BLF','Bluefield','Bluefield',5);
INSERT INTO `airport` (`id`,`airportCode`,`city`,`name`,`country_id`) VALUES (191,'BVB','Boa','Boa Vista',42);
INSERT INTO `airport` (`id`,`airportCode`,`city`,`name`,`country_id`) VALUES (192,'BOY','Bobo/Dioulasso','Bobo/Dioulasso',76);
INSERT INTO `airport` (`id`,`airportCode`,`city`,`name`,`country_id`) VALUES (193,'BOO','Bodo','Bodo',27);
INSERT INTO `airport` (`id`,`airportCode`,`city`,`name`,`country_id`) VALUES (194,'BOG','Bogota','Bogota',46);
INSERT INTO `airport` (`id`,`airportCode`,`city`,`name`,`country_id`) VALUES (195,'BOI','Boise','Boise',5);
INSERT INTO `airport` (`id`,`airportCode`,`city`,`name`,`country_id`) VALUES (196,'BLQ','Bologna','Bologna',28);
INSERT INTO `airport` (`id`,`airportCode`,`city`,`name`,`country_id`) VALUES (197,'BOM','Bombay','Bombay',22);
INSERT INTO `airport` (`id`,`airportCode`,`city`,`name`,`country_id`) VALUES (198,'BON','Bonaire','Bonaire',77);
INSERT INTO `airport` (`id`,`airportCode`,`city`,`name`,`country_id`) VALUES (199,'YVB','Bonaventure,','Bonaventure, PQ',50);
INSERT INTO `airport` (`id`,`airportCode`,`city`,`name`,`country_id`) VALUES (200,'BOB','Bora','Bora Bora',78);
INSERT INTO `airport` (`id`,`airportCode`,`city`,`name`,`country_id`) VALUES (201,'BOD','Bordeaux','Bordeaux',23);
INSERT INTO `airport` (`id`,`airportCode`,`city`,`name`,`country_id`) VALUES (202,'HBH','Borg','Borg El Arab Airport',9);
INSERT INTO `airport` (`id`,`airportCode`,`city`,`name`,`country_id`) VALUES (203,'BXS','Borrego','Borrego Springs',5);
INSERT INTO `airport` (`id`,`airportCode`,`city`,`name`,`country_id`) VALUES (204,'BOS','Boston','Boston - Logan',5);
INSERT INTO `airport` (`id`,`airportCode`,`city`,`name`,`country_id`) VALUES (205,'BYK','Bouake','Bouake',6);
INSERT INTO `airport` (`id`,`airportCode`,`city`,`name`,`country_id`) VALUES (206,'BOJ','Bourgas/Burgas','Bourgas/Burgas',79);
INSERT INTO `airport` (`id`,`airportCode`,`city`,`name`,`country_id`) VALUES (207,'ZBO','Bowen','Bowen',14);
INSERT INTO `airport` (`id`,`airportCode`,`city`,`name`,`country_id`) VALUES (208,'BZN','Bozeman','Bozeman',5);
INSERT INTO `airport` (`id`,`airportCode`,`city`,`name`,`country_id`) VALUES (209,'BFD','Bradford/Warren','Bradford/Warren',5);
INSERT INTO `airport` (`id`,`airportCode`,`city`,`name`,`country_id`) VALUES (210,'BRD','Brainerd','Brainerd',5);
INSERT INTO `airport` (`id`,`airportCode`,`city`,`name`,`country_id`) VALUES (211,'BMP','Brampton','Brampton Island',14);
INSERT INTO `airport` (`id`,`airportCode`,`city`,`name`,`country_id`) VALUES (212,'BSB','Brasilia','Brasilia',42);
INSERT INTO `airport` (`id`,`airportCode`,`city`,`name`,`country_id`) VALUES (213,'BTS','Bratislava','Bratislava',80);
INSERT INTO `airport` (`id`,`airportCode`,`city`,`name`,`country_id`) VALUES (214,'BZV','Brazzaville','Brazzaville',81);
INSERT INTO `airport` (`id`,`airportCode`,`city`,`name`,`country_id`) VALUES (215,'BRE','Bremen','Bremen',52);
INSERT INTO `airport` (`id`,`airportCode`,`city`,`name`,`country_id`) VALUES (216,'BES','Brest','Brest',23);
INSERT INTO `airport` (`id`,`airportCode`,`city`,`name`,`country_id`) VALUES (217,'BIV','Bria','Bria',58);
INSERT INTO `airport` (`id`,`airportCode`,`city`,`name`,`country_id`) VALUES (218,'BDR','Bridgeport','Bridgeport',5);
INSERT INTO `airport` (`id`,`airportCode`,`city`,`name`,`country_id`) VALUES (219,'BGI','Bridgetown,','Bridgetown, Grantley Adams Int\'l',82);
INSERT INTO `airport` (`id`,`airportCode`,`city`,`name`,`country_id`) VALUES (220,'BDS','Brindisi','Brindisi',28);
INSERT INTO `airport` (`id`,`airportCode`,`city`,`name`,`country_id`) VALUES (221,'BNE','Brisbane','Brisbane',14);
INSERT INTO `airport` (`id`,`airportCode`,`city`,`name`,`country_id`) VALUES (222,'BRS','Bristol','Bristol',4);
INSERT INTO `airport` (`id`,`airportCode`,`city`,`name`,`country_id`) VALUES (223,'BNN','Broennoeysund','Broennoeysund',27);
INSERT INTO `airport` (`id`,`airportCode`,`city`,`name`,`country_id`) VALUES (224,'BHQ','Broken','Broken Hill',14);
INSERT INTO `airport` (`id`,`airportCode`,`city`,`name`,`country_id`) VALUES (225,'BKX','Brookings','Brookings',5);
INSERT INTO `airport` (`id`,`airportCode`,`city`,`name`,`country_id`) VALUES (226,'BME','Broome','Broome',14);
INSERT INTO `airport` (`id`,`airportCode`,`city`,`name`,`country_id`) VALUES (227,'BQK','Brunswick','Brunswick',5);
INSERT INTO `airport` (`id`,`airportCode`,`city`,`name`,`country_id`) VALUES (228,'BRU','Brussels','Brussels',40);
INSERT INTO `airport` (`id`,`airportCode`,`city`,`name`,`country_id`) VALUES (229,'BGA','Bucaramanga','Bucaramanga',46);
INSERT INTO `airport` (`id`,`airportCode`,`city`,`name`,`country_id`) VALUES (230,'BUD','Budapest,','Budapest, Ferihegy',83);
INSERT INTO `airport` (`id`,`airportCode`,`city`,`name`,`country_id`) VALUES (231,'BUE','Buenos','Buenos Aires',84);
INSERT INTO `airport` (`id`,`airportCode`,`city`,`name`,`country_id`) VALUES (232,'EZE','Buenos','Buenos Aires, Ezeiza Int\'l Airport',84);
INSERT INTO `airport` (`id`,`airportCode`,`city`,`name`,`country_id`) VALUES (233,'AEP','Buenos','Buenos Aires, Jorge Newbery',84);
INSERT INTO `airport` (`id`,`airportCode`,`city`,`name`,`country_id`) VALUES (234,'BFO','Buffalo','Buffalo Range',85);
INSERT INTO `airport` (`id`,`airportCode`,`city`,`name`,`country_id`) VALUES (235,'BUF','Buffalo/Niagara','Buffalo/Niagara Falls',5);
INSERT INTO `airport` (`id`,`airportCode`,`city`,`name`,`country_id`) VALUES (236,'BJM','Bujumbura','Bujumbura',86);
INSERT INTO `airport` (`id`,`airportCode`,`city`,`name`,`country_id`) VALUES (237,'BUH','Bucharest','Bucharest',87);
INSERT INTO `airport` (`id`,`airportCode`,`city`,`name`,`country_id`) VALUES (238,'OTP','Bucharest,','Bucharest, Otopeni',87);
INSERT INTO `airport` (`id`,`airportCode`,`city`,`name`,`country_id`) VALUES (239,'BUQ','Bulawayo','Bulawayo',85);
INSERT INTO `airport` (`id`,`airportCode`,`city`,`name`,`country_id`) VALUES (240,'BHC','Bullhead','Bullhead City',5);
INSERT INTO `airport` (`id`,`airportCode`,`city`,`name`,`country_id`) VALUES (241,'BDB','Bundaberg','Bundaberg',14);
INSERT INTO `airport` (`id`,`airportCode`,`city`,`name`,`country_id`) VALUES (242,'BUR','Burbank','Burbank',5);
INSERT INTO `airport` (`id`,`airportCode`,`city`,`name`,`country_id`) VALUES (243,'BRL','Burlington','Burlington',5);
INSERT INTO `airport` (`id`,`airportCode`,`city`,`name`,`country_id`) VALUES (244,'BTV','Burlington','Burlington',5);
INSERT INTO `airport` (`id`,`airportCode`,`city`,`name`,`country_id`) VALUES (245,'BWT','Burnie','Burnie (Wynyard)',14);
INSERT INTO `airport` (`id`,`airportCode`,`city`,`name`,`country_id`) VALUES (246,'BTM','Butte','Butte',5);
INSERT INTO `airport` (`id`,`airportCode`,`city`,`name`,`country_id`) VALUES (247,'CAB','Cabinda','Cabinda',71);
INSERT INTO `airport` (`id`,`airportCode`,`city`,`name`,`country_id`) VALUES (248,'CAG','Cagliari','Cagliari',28);
INSERT INTO `airport` (`id`,`airportCode`,`city`,`name`,`country_id`) VALUES (249,'CNS','Cairns','Cairns',14);
INSERT INTO `airport` (`id`,`airportCode`,`city`,`name`,`country_id`) VALUES (250,'CAI','Cairo','Cairo Int\'l',9);
INSERT INTO `airport` (`id`,`airportCode`,`city`,`name`,`country_id`) VALUES (251,'CCU','Calcutta','Calcutta (Kolkata)',22);
INSERT INTO `airport` (`id`,`airportCode`,`city`,`name`,`country_id`) VALUES (252,'YYC','Calgary/Banff','Calgary/Banff',50);
INSERT INTO `airport` (`id`,`airportCode`,`city`,`name`,`country_id`) VALUES (253,'CLO','Cali','Cali',46);
INSERT INTO `airport` (`id`,`airportCode`,`city`,`name`,`country_id`) VALUES (254,'CCJ','Calicut','Calicut',22);
INSERT INTO `airport` (`id`,`airportCode`,`city`,`name`,`country_id`) VALUES (255,'CLY','Calvi','Calvi',23);
INSERT INTO `airport` (`id`,`airportCode`,`city`,`name`,`country_id`) VALUES (256,'YCB','Cambridge','Cambridge Bay',50);
INSERT INTO `airport` (`id`,`airportCode`,`city`,`name`,`country_id`) VALUES (257,'CBG','Cambrigde','Cambrigde',4);
INSERT INTO `airport` (`id`,`airportCode`,`city`,`name`,`country_id`) VALUES (258,'CGR','Campo','Campo Grande',42);
INSERT INTO `airport` (`id`,`airportCode`,`city`,`name`,`country_id`) VALUES (259,'CBR','Canberra','Canberra',14);
INSERT INTO `airport` (`id`,`airportCode`,`city`,`name`,`country_id`) VALUES (260,'CUN','Cancun','Cancun',10);
INSERT INTO `airport` (`id`,`airportCode`,`city`,`name`,`country_id`) VALUES (261,'CPT','Cape','Cape Town',20);
INSERT INTO `airport` (`id`,`airportCode`,`city`,`name`,`country_id`) VALUES (262,'CCS','Caracas','Caracas',62);
INSERT INTO `airport` (`id`,`airportCode`,`city`,`name`,`country_id`) VALUES (263,'CWL','Cardiff','Cardiff',4);
INSERT INTO `airport` (`id`,`airportCode`,`city`,`name`,`country_id`) VALUES (264,'CLD','Carlsbad','Carlsbad',5);
INSERT INTO `airport` (`id`,`airportCode`,`city`,`name`,`country_id`) VALUES (265,'CVQ','Carnarvon','Carnarvon',14);
INSERT INTO `airport` (`id`,`airportCode`,`city`,`name`,`country_id`) VALUES (266,'CRF','Carnot','Carnot',58);
INSERT INTO `airport` (`id`,`airportCode`,`city`,`name`,`country_id`) VALUES (267,'LRM','Casa','Casa de Campo/La Romana',88);
INSERT INTO `airport` (`id`,`airportCode`,`city`,`name`,`country_id`) VALUES (268,'CAS','Casablanca','Casablanca',18);
INSERT INTO `airport` (`id`,`airportCode`,`city`,`name`,`country_id`) VALUES (269,'CMN','Casablanca,','Casablanca, Mohamed V',18);
INSERT INTO `airport` (`id`,`airportCode`,`city`,`name`,`country_id`) VALUES (270,'CSI','Casino','Casino',14);
INSERT INTO `airport` (`id`,`airportCode`,`city`,`name`,`country_id`) VALUES (271,'CPR','Casper','Casper',5);
INSERT INTO `airport` (`id`,`airportCode`,`city`,`name`,`country_id`) VALUES (272,'CTG','Catagena','Catagena',46);
INSERT INTO `airport` (`id`,`airportCode`,`city`,`name`,`country_id`) VALUES (273,'CTA','Catania','Catania',28);
INSERT INTO `airport` (`id`,`airportCode`,`city`,`name`,`country_id`) VALUES (274,'CAY','Cayenne','Cayenne',89);
INSERT INTO `airport` (`id`,`airportCode`,`city`,`name`,`country_id`) VALUES (275,'CBU','Cebu','Cebu',90);
INSERT INTO `airport` (`id`,`airportCode`,`city`,`name`,`country_id`) VALUES (276,'CDC','Cedar','Cedar City',5);
INSERT INTO `airport` (`id`,`airportCode`,`city`,`name`,`country_id`) VALUES (277,'CID','Cedar','Cedar Rapids',5);
INSERT INTO `airport` (`id`,`airportCode`,`city`,`name`,`country_id`) VALUES (278,'CED','Ceduna','Ceduna',14);
INSERT INTO `airport` (`id`,`airportCode`,`city`,`name`,`country_id`) VALUES (279,'CES','Cessnock','Cessnock',14);
INSERT INTO `airport` (`id`,`airportCode`,`city`,`name`,`country_id`) VALUES (280,'KHV','Chabarovsk','Chabarovsk (Khabarovsk)',16);
INSERT INTO `airport` (`id`,`airportCode`,`city`,`name`,`country_id`) VALUES (281,'CMF','Chambery','Chambery',23);
INSERT INTO `airport` (`id`,`airportCode`,`city`,`name`,`country_id`) VALUES (282,'CMI','Champaign','Champaign',5);
INSERT INTO `airport` (`id`,`airportCode`,`city`,`name`,`country_id`) VALUES (283,'IXC','Chandigarh','Chandigarh',22);
INSERT INTO `airport` (`id`,`airportCode`,`city`,`name`,`country_id`) VALUES (284,'CHQ','Chania','Chania',45);
INSERT INTO `airport` (`id`,`airportCode`,`city`,`name`,`country_id`) VALUES (285,'CHS','Charleston','Charleston',5);
INSERT INTO `airport` (`id`,`airportCode`,`city`,`name`,`country_id`) VALUES (286,'CRW','Charleston','Charleston',5);
INSERT INTO `airport` (`id`,`airportCode`,`city`,`name`,`country_id`) VALUES (287,'CLT','Charlotte','Charlotte',5);
INSERT INTO `airport` (`id`,`airportCode`,`city`,`name`,`country_id`) VALUES (288,'CHO','Charlottesville','Charlottesville',5);
INSERT INTO `airport` (`id`,`airportCode`,`city`,`name`,`country_id`) VALUES (289,'CXT','Charters','Charters Towers',14);
INSERT INTO `airport` (`id`,`airportCode`,`city`,`name`,`country_id`) VALUES (290,'CHA','Chattanooga','Chattanooga',5);
INSERT INTO `airport` (`id`,`airportCode`,`city`,`name`,`country_id`) VALUES (291,'MAA','Chennai','Chennai (Madras)',22);
INSERT INTO `airport` (`id`,`airportCode`,`city`,`name`,`country_id`) VALUES (292,'CNX','Chiang','Chiang Mai',60);
INSERT INTO `airport` (`id`,`airportCode`,`city`,`name`,`country_id`) VALUES (293,'QCB','Chiba','Chiba City',24);
INSERT INTO `airport` (`id`,`airportCode`,`city`,`name`,`country_id`) VALUES (294,'MDW','Chicago','Chicago',5);
INSERT INTO `airport` (`id`,`airportCode`,`city`,`name`,`country_id`) VALUES (295,'ORD','Chicago','Chicago O\'Hare Int\'l Airport',5);
INSERT INTO `airport` (`id`,`airportCode`,`city`,`name`,`country_id`) VALUES (296,'CHI','Chicago','Chicago',5);
INSERT INTO `airport` (`id`,`airportCode`,`city`,`name`,`country_id`) VALUES (297,'CZA','Chichen','Chichen Itza',10);
INSERT INTO `airport` (`id`,`airportCode`,`city`,`name`,`country_id`) VALUES (298,'CIC','Chico','Chico',5);
INSERT INTO `airport` (`id`,`airportCode`,`city`,`name`,`country_id`) VALUES (299,'CUU','Chihuahua,','Chihuahua, Gen Fierro Villalobos',10);
INSERT INTO `airport` (`id`,`airportCode`,`city`,`name`,`country_id`) VALUES (300,'JKH','Chios','Chios',45);
INSERT INTO `airport` (`id`,`airportCode`,`city`,`name`,`country_id`) VALUES (301,'CIP','Chipata','Chipata',91);
INSERT INTO `airport` (`id`,`airportCode`,`city`,`name`,`country_id`) VALUES (302,'HTA','Chita','Chita (Tschita)',16);
INSERT INTO `airport` (`id`,`airportCode`,`city`,`name`,`country_id`) VALUES (303,'CTS','Chitose','Chitose',24);
INSERT INTO `airport` (`id`,`airportCode`,`city`,`name`,`country_id`) VALUES (304,'CJL','Chitral','Chitral',54);
INSERT INTO `airport` (`id`,`airportCode`,`city`,`name`,`country_id`) VALUES (305,'CGP','Chittagong','Chittagong',63);
INSERT INTO `airport` (`id`,`airportCode`,`city`,`name`,`country_id`) VALUES (306,'CHC','Christchurch','Christchurch',51);
INSERT INTO `airport` (`id`,`airportCode`,`city`,`name`,`country_id`) VALUES (307,'CXI','Christmas','Christmas Line',92);
INSERT INTO `airport` (`id`,`airportCode`,`city`,`name`,`country_id`) VALUES (308,'CCZ','Chub','Chub Cay',93);
INSERT INTO `airport` (`id`,`airportCode`,`city`,`name`,`country_id`) VALUES (309,'YYQ','Churchill','Churchill',50);
INSERT INTO `airport` (`id`,`airportCode`,`city`,`name`,`country_id`) VALUES (310,'CFG','Cienfuegos','Cienfuegos',50);
INSERT INTO `airport` (`id`,`airportCode`,`city`,`name`,`country_id`) VALUES (311,'CVG','Cincinnati','Cincinnati',5);
INSERT INTO `airport` (`id`,`airportCode`,`city`,`name`,`country_id`) VALUES (312,'CME','Ciudad','Ciudad Del Carmen',10);
INSERT INTO `airport` (`id`,`airportCode`,`city`,`name`,`country_id`) VALUES (313,'CJS','Ciudad','Ciudad Juarez',10);
INSERT INTO `airport` (`id`,`airportCode`,`city`,`name`,`country_id`) VALUES (314,'CEN','Ciudad','Ciudad Obregon',10);
INSERT INTO `airport` (`id`,`airportCode`,`city`,`name`,`country_id`) VALUES (315,'CVM','Ciudad','Ciudad Victoria',10);
INSERT INTO `airport` (`id`,`airportCode`,`city`,`name`,`country_id`) VALUES (316,'CKB','Clarksburg','Clarksburg',5);
INSERT INTO `airport` (`id`,`airportCode`,`city`,`name`,`country_id`) VALUES (317,'CMQ','Clermont','Clermont',14);
INSERT INTO `airport` (`id`,`airportCode`,`city`,`name`,`country_id`) VALUES (318,'CFE','Clermont','Clermont Ferrand',23);
INSERT INTO `airport` (`id`,`airportCode`,`city`,`name`,`country_id`) VALUES (319,'BKL','Cleveland','Cleveland',5);
INSERT INTO `airport` (`id`,`airportCode`,`city`,`name`,`country_id`) VALUES (320,'CLE','Cleveland','Cleveland',5);
INSERT INTO `airport` (`id`,`airportCode`,`city`,`name`,`country_id`) VALUES (321,'CBB','Cochabamba','Cochabamba',94);
INSERT INTO `airport` (`id`,`airportCode`,`city`,`name`,`country_id`) VALUES (322,'COK','Cochin','Cochin',22);
INSERT INTO `airport` (`id`,`airportCode`,`city`,`name`,`country_id`) VALUES (323,'COD','Cody/Powell/Yellowstone','Cody/Powell/Yellowstone',5);
INSERT INTO `airport` (`id`,`airportCode`,`city`,`name`,`country_id`) VALUES (324,'KCC','Coffmann','Coffmann Cove',5);
INSERT INTO `airport` (`id`,`airportCode`,`city`,`name`,`country_id`) VALUES (325,'CFS','Coffs','Coffs Harbour',14);
INSERT INTO `airport` (`id`,`airportCode`,`city`,`name`,`country_id`) VALUES (326,'CJB','Coimbatore','Coimbatore',22);
INSERT INTO `airport` (`id`,`airportCode`,`city`,`name`,`country_id`) VALUES (327,'CLQ','Colima','Colima',10);
INSERT INTO `airport` (`id`,`airportCode`,`city`,`name`,`country_id`) VALUES (328,'CLL','College','College Station/Bryan',5);
INSERT INTO `airport` (`id`,`airportCode`,`city`,`name`,`country_id`) VALUES (329,'KCE','Collinsville','Collinsville',14);
INSERT INTO `airport` (`id`,`airportCode`,`city`,`name`,`country_id`) VALUES (330,'CGN','Cologne','Cologne (Koeln)/Bonn',52);
INSERT INTO `airport` (`id`,`airportCode`,`city`,`name`,`country_id`) VALUES (331,'CMB','Colombo','Colombo',95);
INSERT INTO `airport` (`id`,`airportCode`,`city`,`name`,`country_id`) VALUES (332,'COS','Colorado','Colorado Springs',5);
INSERT INTO `airport` (`id`,`airportCode`,`city`,`name`,`country_id`) VALUES (333,'CAE','Columbia','Columbia',5);
INSERT INTO `airport` (`id`,`airportCode`,`city`,`name`,`country_id`) VALUES (334,'CSG','Columbus','Columbus',5);
INSERT INTO `airport` (`id`,`airportCode`,`city`,`name`,`country_id`) VALUES (335,'CMH','Columbus','Columbus',5);
INSERT INTO `airport` (`id`,`airportCode`,`city`,`name`,`country_id`) VALUES (336,'CKY','Conakry','Conakry',96);
INSERT INTO `airport` (`id`,`airportCode`,`city`,`name`,`country_id`) VALUES (337,'CCR','Concord','Concord',5);
INSERT INTO `airport` (`id`,`airportCode`,`city`,`name`,`country_id`) VALUES (338,'CZL','Constantine','Constantine',29);
INSERT INTO `airport` (`id`,`airportCode`,`city`,`name`,`country_id`) VALUES (339,'CND','Constanza','Constanza',87);
INSERT INTO `airport` (`id`,`airportCode`,`city`,`name`,`country_id`) VALUES (340,'CPD','Coober','Coober Pedy',14);
INSERT INTO `airport` (`id`,`airportCode`,`city`,`name`,`country_id`) VALUES (341,'CTN','Cooktown','Cooktown',14);
INSERT INTO `airport` (`id`,`airportCode`,`city`,`name`,`country_id`) VALUES (342,'OOM','Cooma','Cooma',14);
INSERT INTO `airport` (`id`,`airportCode`,`city`,`name`,`country_id`) VALUES (343,'CPH','Copenhagen','Copenhagen',1);
INSERT INTO `airport` (`id`,`airportCode`,`city`,`name`,`country_id`) VALUES (344,'COR','Cordoba','Cordoba',84);
INSERT INTO `airport` (`id`,`airportCode`,`city`,`name`,`country_id`) VALUES (345,'ODB','Cordoba','Cordoba',30);
INSERT INTO `airport` (`id`,`airportCode`,`city`,`name`,`country_id`) VALUES (346,'CDV','Cordova','Cordova',5);
INSERT INTO `airport` (`id`,`airportCode`,`city`,`name`,`country_id`) VALUES (347,'CFU','Corfu','Corfu',45);
INSERT INTO `airport` (`id`,`airportCode`,`city`,`name`,`country_id`) VALUES (348,'ORK','Cork','Cork',97);
INSERT INTO `airport` (`id`,`airportCode`,`city`,`name`,`country_id`) VALUES (349,'CRP','Corpus','Corpus Christi',5);
INSERT INTO `airport` (`id`,`airportCode`,`city`,`name`,`country_id`) VALUES (350,'COO','Cotonou','Cotonou',98);
INSERT INTO `airport` (`id`,`airportCode`,`city`,`name`,`country_id`) VALUES (351,'CZM','Cozmel','Cozmel',10);
INSERT INTO `airport` (`id`,`airportCode`,`city`,`name`,`country_id`) VALUES (352,'CGA','Craig','Craig',5);
INSERT INTO `airport` (`id`,`airportCode`,`city`,`name`,`country_id`) VALUES (353,'CEC','Crescent','Crescent City',5);
INSERT INTO `airport` (`id`,`airportCode`,`city`,`name`,`country_id`) VALUES (354,'CGB','Cuiaba','Cuiaba',42);
INSERT INTO `airport` (`id`,`airportCode`,`city`,`name`,`country_id`) VALUES (355,'CUL','Culiacan','Culiacan',10);
INSERT INTO `airport` (`id`,`airportCode`,`city`,`name`,`country_id`) VALUES (356,'CUR','Curacao','Curacao',77);
INSERT INTO `airport` (`id`,`airportCode`,`city`,`name`,`country_id`) VALUES (357,'CWB','Curitiba','Curitiba',42);
INSERT INTO `airport` (`id`,`airportCode`,`city`,`name`,`country_id`) VALUES (358,'DKR','Dakar','Dakar',99);
INSERT INTO `airport` (`id`,`airportCode`,`city`,`name`,`country_id`) VALUES (359,'DLM','Dalaman','Dalaman',12);
INSERT INTO `airport` (`id`,`airportCode`,`city`,`name`,`country_id`) VALUES (360,'DBY','Dalby','Dalby',14);
INSERT INTO `airport` (`id`,`airportCode`,`city`,`name`,`country_id`) VALUES (361,'DAL','Dallas','Dallas',5);
INSERT INTO `airport` (`id`,`airportCode`,`city`,`name`,`country_id`) VALUES (362,'DFW','Dallas/Ft.','Dallas/Ft. Worth',5);
INSERT INTO `airport` (`id`,`airportCode`,`city`,`name`,`country_id`) VALUES (363,'DJO','Daloa','Daloa',6);
INSERT INTO `airport` (`id`,`airportCode`,`city`,`name`,`country_id`) VALUES (364,'DAM','Damaskus','Damaskus',31);
INSERT INTO `airport` (`id`,`airportCode`,`city`,`name`,`country_id`) VALUES (365,'DAN','Danville','Danville',5);
INSERT INTO `airport` (`id`,`airportCode`,`city`,`name`,`country_id`) VALUES (366,'DAR','Dar','Dar es Salam (Daressalam)',44);
INSERT INTO `airport` (`id`,`airportCode`,`city`,`name`,`country_id`) VALUES (367,'DRW','Darwin','Darwin',14);
INSERT INTO `airport` (`id`,`airportCode`,`city`,`name`,`country_id`) VALUES (368,'DDI','Daydream','Daydream Island',14);
INSERT INTO `airport` (`id`,`airportCode`,`city`,`name`,`country_id`) VALUES (369,'DAY','Dayton','Dayton',5);
INSERT INTO `airport` (`id`,`airportCode`,`city`,`name`,`country_id`) VALUES (370,'DAB','Daytona','Daytona Beach',5);
INSERT INTO `airport` (`id`,`airportCode`,`city`,`name`,`country_id`) VALUES (371,'DEC','Decatur','Decatur',5);
INSERT INTO `airport` (`id`,`airportCode`,`city`,`name`,`country_id`) VALUES (372,'YDF','Deer','Deer Lake/Corner Brook',50);
INSERT INTO `airport` (`id`,`airportCode`,`city`,`name`,`country_id`) VALUES (373,'DEL','Delhi,','Delhi, Indira Gandhi',22);
INSERT INTO `airport` (`id`,`airportCode`,`city`,`name`,`country_id`) VALUES (374,'HAG','Den','Den Haag (The Hague)',34);
INSERT INTO `airport` (`id`,`airportCode`,`city`,`name`,`country_id`) VALUES (375,'DPS','Denpasar/Bali','Denpasar/Bali',100);
INSERT INTO `airport` (`id`,`airportCode`,`city`,`name`,`country_id`) VALUES (376,'DEN','Denver','Denver International Airport',5);
INSERT INTO `airport` (`id`,`airportCode`,`city`,`name`,`country_id`) VALUES (377,'DSK','Dera','Dera Ismail Khan',54);
INSERT INTO `airport` (`id`,`airportCode`,`city`,`name`,`country_id`) VALUES (378,'DRB','Derby','Derby',14);
INSERT INTO `airport` (`id`,`airportCode`,`city`,`name`,`country_id`) VALUES (379,'EMA','Derby','Derby (East Midlands)',4);
INSERT INTO `airport` (`id`,`airportCode`,`city`,`name`,`country_id`) VALUES (380,'LDY','Derry','Derry (Londonderry)',4);
INSERT INTO `airport` (`id`,`airportCode`,`city`,`name`,`country_id`) VALUES (381,'DSM','Des','Des Moines',5);
INSERT INTO `airport` (`id`,`airportCode`,`city`,`name`,`country_id`) VALUES (382,'DET','Detroit','Detroit City',5);
INSERT INTO `airport` (`id`,`airportCode`,`city`,`name`,`country_id`) VALUES (383,'DTW','Detroit','Detroit Metropolitan Wayne County Airport',5);
INSERT INTO `airport` (`id`,`airportCode`,`city`,`name`,`country_id`) VALUES (384,'DTT','Detroit','Detroit Metropolitan Area',5);
INSERT INTO `airport` (`id`,`airportCode`,`city`,`name`,`country_id`) VALUES (385,'DVL','Devils','Devils Lake',5);
INSERT INTO `airport` (`id`,`airportCode`,`city`,`name`,`country_id`) VALUES (386,'DPO','Devonport','Devonport',14);
INSERT INTO `airport` (`id`,`airportCode`,`city`,`name`,`country_id`) VALUES (387,'DHA','Dhahran','Dhahran',101);
INSERT INTO `airport` (`id`,`airportCode`,`city`,`name`,`country_id`) VALUES (388,'DAC','Dhaka','Dhaka',63);
INSERT INTO `airport` (`id`,`airportCode`,`city`,`name`,`country_id`) VALUES (389,'DLG','Dillingham','Dillingham',5);
INSERT INTO `airport` (`id`,`airportCode`,`city`,`name`,`country_id`) VALUES (390,'DNR','Dinard','Dinard',23);
INSERT INTO `airport` (`id`,`airportCode`,`city`,`name`,`country_id`) VALUES (391,'DJE','Djerba','Djerba',102);
INSERT INTO `airport` (`id`,`airportCode`,`city`,`name`,`country_id`) VALUES (392,'JIB','Djibouti','Djibouti',103);
INSERT INTO `airport` (`id`,`airportCode`,`city`,`name`,`country_id`) VALUES (393,'DOH','Doha','Doha',104);
INSERT INTO `airport` (`id`,`airportCode`,`city`,`name`,`country_id`) VALUES (394,'DTM','Dortmund','Dortmund',52);
INSERT INTO `airport` (`id`,`airportCode`,`city`,`name`,`country_id`) VALUES (395,'DHN','Dothan','Dothan',5);
INSERT INTO `airport` (`id`,`airportCode`,`city`,`name`,`country_id`) VALUES (396,'DLA','Douala','Douala',105);
INSERT INTO `airport` (`id`,`airportCode`,`city`,`name`,`country_id`) VALUES (397,'DRS','Dresden','Dresden',52);
INSERT INTO `airport` (`id`,`airportCode`,`city`,`name`,`country_id`) VALUES (398,'DXB','Dubai','Dubai',7);
INSERT INTO `airport` (`id`,`airportCode`,`city`,`name`,`country_id`) VALUES (399,'DBO','Dubbo','Dubbo',14);
INSERT INTO `airport` (`id`,`airportCode`,`city`,`name`,`country_id`) VALUES (400,'DUB','Dublin','Dublin',97);
INSERT INTO `airport` (`id`,`airportCode`,`city`,`name`,`country_id`) VALUES (401,'DUJ','Dubois','Dubois',5);
INSERT INTO `airport` (`id`,`airportCode`,`city`,`name`,`country_id`) VALUES (402,'DBV','Dubrovnik','Dubrovnik',106);
INSERT INTO `airport` (`id`,`airportCode`,`city`,`name`,`country_id`) VALUES (403,'DBQ','Dubuque','Dubuque',5);
INSERT INTO `airport` (`id`,`airportCode`,`city`,`name`,`country_id`) VALUES (404,'DUS','Duesseldorf','Duesseldorf',52);
INSERT INTO `airport` (`id`,`airportCode`,`city`,`name`,`country_id`) VALUES (405,'DLH','Duluth','Duluth',5);
INSERT INTO `airport` (`id`,`airportCode`,`city`,`name`,`country_id`) VALUES (406,'DUD','Dunedin','Dunedin',51);
INSERT INTO `airport` (`id`,`airportCode`,`city`,`name`,`country_id`) VALUES (407,'DKI','Dunk','Dunk Iceland',14);
INSERT INTO `airport` (`id`,`airportCode`,`city`,`name`,`country_id`) VALUES (408,'DRO','Durango','Durango',5);
INSERT INTO `airport` (`id`,`airportCode`,`city`,`name`,`country_id`) VALUES (409,'DUR','Durban','Durban',20);
INSERT INTO `airport` (`id`,`airportCode`,`city`,`name`,`country_id`) VALUES (410,'DYU','Dushanbe','Dushanbe (Duschanbe)',107);
INSERT INTO `airport` (`id`,`airportCode`,`city`,`name`,`country_id`) VALUES (411,'DUT','Dutch','Dutch Harbor',5);
INSERT INTO `airport` (`id`,`airportCode`,`city`,`name`,`country_id`) VALUES (412,'DYA','Dysart','Dysart',14);
INSERT INTO `airport` (`id`,`airportCode`,`city`,`name`,`country_id`) VALUES (413,'DZA','Dzaoudzi','Dzaoudzi',108);
INSERT INTO `airport` (`id`,`airportCode`,`city`,`name`,`country_id`) VALUES (414,'ELS','East','East London',20);
INSERT INTO `airport` (`id`,`airportCode`,`city`,`name`,`country_id`) VALUES (415,'IPC','Easter','Easter Island',109);
INSERT INTO `airport` (`id`,`airportCode`,`city`,`name`,`country_id`) VALUES (416,'EAU','Eau','Eau Clarie',5);
INSERT INTO `airport` (`id`,`airportCode`,`city`,`name`,`country_id`) VALUES (417,'EDI','Edinburgh','Edinburgh',4);
INSERT INTO `airport` (`id`,`airportCode`,`city`,`name`,`country_id`) VALUES (418,'YEA','Edmonton','Edmonton',50);
INSERT INTO `airport` (`id`,`airportCode`,`city`,`name`,`country_id`) VALUES (419,'YEG','Edmonton,','Edmonton, International',50);
INSERT INTO `airport` (`id`,`airportCode`,`city`,`name`,`country_id`) VALUES (420,'YXD','Edmonton,','Edmonton, Municipal',50);
INSERT INTO `airport` (`id`,`airportCode`,`city`,`name`,`country_id`) VALUES (421,'EGS','Egilsstadir','Egilsstadir',92);
INSERT INTO `airport` (`id`,`airportCode`,`city`,`name`,`country_id`) VALUES (422,'EIN','Eindhoven','Eindhoven',34);
INSERT INTO `airport` (`id`,`airportCode`,`city`,`name`,`country_id`) VALUES (423,'ELP','El','El Paso',5);
INSERT INTO `airport` (`id`,`airportCode`,`city`,`name`,`country_id`) VALUES (424,'ETH','Elat','Elat',110);
INSERT INTO `airport` (`id`,`airportCode`,`city`,`name`,`country_id`) VALUES (425,'VDA','Elat,','Elat, Ovula',110);
INSERT INTO `airport` (`id`,`airportCode`,`city`,`name`,`country_id`) VALUES (426,'EKI','Elkhart','Elkhart',5);
INSERT INTO `airport` (`id`,`airportCode`,`city`,`name`,`country_id`) VALUES (427,'EKO','Elko','Elko',5);
INSERT INTO `airport` (`id`,`airportCode`,`city`,`name`,`country_id`) VALUES (428,'ELL','Ellisras','Ellisras',20);
INSERT INTO `airport` (`id`,`airportCode`,`city`,`name`,`country_id`) VALUES (429,'EMY','El','El Minya',9);
INSERT INTO `airport` (`id`,`airportCode`,`city`,`name`,`country_id`) VALUES (430,'ELM','Elmira','Elmira',5);
INSERT INTO `airport` (`id`,`airportCode`,`city`,`name`,`country_id`) VALUES (431,'ELY','Ely','Ely',5);
INSERT INTO `airport` (`id`,`airportCode`,`city`,`name`,`country_id`) VALUES (432,'EDR','Emerald','Emerald',14);
INSERT INTO `airport` (`id`,`airportCode`,`city`,`name`,`country_id`) VALUES (433,'EMD','Emerald','Emerald',14);
INSERT INTO `airport` (`id`,`airportCode`,`city`,`name`,`country_id`) VALUES (434,'ENF','Enontekioe','Enontekioe',111);
INSERT INTO `airport` (`id`,`airportCode`,`city`,`name`,`country_id`) VALUES (435,'EBB','Entebbe','Entebbe',112);
INSERT INTO `airport` (`id`,`airportCode`,`city`,`name`,`country_id`) VALUES (436,'ERF','Erfurt','Erfurt',52);
INSERT INTO `airport` (`id`,`airportCode`,`city`,`name`,`country_id`) VALUES (437,'ERI','Erie','Erie',5);
INSERT INTO `airport` (`id`,`airportCode`,`city`,`name`,`country_id`) VALUES (438,'EVN','Eriwan','Eriwan (Yerevan, Jerevan)',113);
INSERT INTO `airport` (`id`,`airportCode`,`city`,`name`,`country_id`) VALUES (439,'EBJ','Esbjerg','Esbjerg',1);
INSERT INTO `airport` (`id`,`airportCode`,`city`,`name`,`country_id`) VALUES (440,'ESC','Escabana','Escabana',5);
INSERT INTO `airport` (`id`,`airportCode`,`city`,`name`,`country_id`) VALUES (441,'EPR','Esperance','Esperance',14);
INSERT INTO `airport` (`id`,`airportCode`,`city`,`name`,`country_id`) VALUES (442,'EUG','Eugene','Eugene',5);
INSERT INTO `airport` (`id`,`airportCode`,`city`,`name`,`country_id`) VALUES (443,'ACV','Eureka','Eureka',5);
INSERT INTO `airport` (`id`,`airportCode`,`city`,`name`,`country_id`) VALUES (444,'EVV','Evansville','Evansville',5);
INSERT INTO `airport` (`id`,`airportCode`,`city`,`name`,`country_id`) VALUES (445,'EVE','Evenes','Evenes',27);
INSERT INTO `airport` (`id`,`airportCode`,`city`,`name`,`country_id`) VALUES (446,'FAI','Fairbanks','Fairbanks',5);
INSERT INTO `airport` (`id`,`airportCode`,`city`,`name`,`country_id`) VALUES (447,'LYP','Faisalabad','Faisalabad',54);
INSERT INTO `airport` (`id`,`airportCode`,`city`,`name`,`country_id`) VALUES (448,'FAR','Fargo','Fargo',5);
INSERT INTO `airport` (`id`,`airportCode`,`city`,`name`,`country_id`) VALUES (449,'FMN','Farmington','Farmington',5);
INSERT INTO `airport` (`id`,`airportCode`,`city`,`name`,`country_id`) VALUES (450,'FAO','Faro','Faro',114);
INSERT INTO `airport` (`id`,`airportCode`,`city`,`name`,`country_id`) VALUES (451,'FAE','Faroer','Faroer',1);
INSERT INTO `airport` (`id`,`airportCode`,`city`,`name`,`country_id`) VALUES (452,'FYV','Fayetteville','Fayetteville',5);
INSERT INTO `airport` (`id`,`airportCode`,`city`,`name`,`country_id`) VALUES (453,'FAY','Fayetteville/Ft.','Fayetteville/Ft. Bragg',5);
INSERT INTO `airport` (`id`,`airportCode`,`city`,`name`,`country_id`) VALUES (454,'FEZ','Fes','Fes',18);
INSERT INTO `airport` (`id`,`airportCode`,`city`,`name`,`country_id`) VALUES (455,'FSC','Figari','Figari',23);
INSERT INTO `airport` (`id`,`airportCode`,`city`,`name`,`country_id`) VALUES (456,'FLG','Flagstaff','Flagstaff',5);
INSERT INTO `airport` (`id`,`airportCode`,`city`,`name`,`country_id`) VALUES (457,'YFO','Flin','Flin Flon',50);
INSERT INTO `airport` (`id`,`airportCode`,`city`,`name`,`country_id`) VALUES (458,'FNT','Flint','Flint',5);
INSERT INTO `airport` (`id`,`airportCode`,`city`,`name`,`country_id`) VALUES (459,'FLR','Florence','Florence',28);
INSERT INTO `airport` (`id`,`airportCode`,`city`,`name`,`country_id`) VALUES (460,'FLO','Florence','Florence',5);
INSERT INTO `airport` (`id`,`airportCode`,`city`,`name`,`country_id`) VALUES (461,'FLN','Florianopolis','Florianopolis',42);
INSERT INTO `airport` (`id`,`airportCode`,`city`,`name`,`country_id`) VALUES (462,'FRO','Floro','Floro',27);
INSERT INTO `airport` (`id`,`airportCode`,`city`,`name`,`country_id`) VALUES (463,'YFA','Fort','Fort Albert',50);
INSERT INTO `airport` (`id`,`airportCode`,`city`,`name`,`country_id`) VALUES (464,'FDF','Fort','Fort de France',115);
INSERT INTO `airport` (`id`,`airportCode`,`city`,`name`,`country_id`) VALUES (465,'FOD','Fort','Fort Dodge',5);
INSERT INTO `airport` (`id`,`airportCode`,`city`,`name`,`country_id`) VALUES (466,'FHU','Fort','Fort Huachuca/Sierra Vista',5);
INSERT INTO `airport` (`id`,`airportCode`,`city`,`name`,`country_id`) VALUES (467,'FLL','Fort','Fort Lauderdale/Hollywood',5);
INSERT INTO `airport` (`id`,`airportCode`,`city`,`name`,`country_id`) VALUES (468,'YMM','Fort','Fort McMurray',50);
INSERT INTO `airport` (`id`,`airportCode`,`city`,`name`,`country_id`) VALUES (469,'FMY','Fort','Fort Myers',5);
INSERT INTO `airport` (`id`,`airportCode`,`city`,`name`,`country_id`) VALUES (470,'RSW','Fort','Fort Myers',5);
INSERT INTO `airport` (`id`,`airportCode`,`city`,`name`,`country_id`) VALUES (471,'YSM','Fort','Fort Smith',50);
INSERT INTO `airport` (`id`,`airportCode`,`city`,`name`,`country_id`) VALUES (472,'FSM','Fort','Fort Smith',5);
INSERT INTO `airport` (`id`,`airportCode`,`city`,`name`,`country_id`) VALUES (473,'YXJ','Fort','Fort St. John',50);
INSERT INTO `airport` (`id`,`airportCode`,`city`,`name`,`country_id`) VALUES (474,'VPS','Fort','Fort Walton Beach',5);
INSERT INTO `airport` (`id`,`airportCode`,`city`,`name`,`country_id`) VALUES (475,'FWA','Fort','Fort Wayne',5);
INSERT INTO `airport` (`id`,`airportCode`,`city`,`name`,`country_id`) VALUES (476,'FOR','Fortaleza','Fortaleza',42);
INSERT INTO `airport` (`id`,`airportCode`,`city`,`name`,`country_id`) VALUES (477,'FRW','Francistown','Francistown',85);
INSERT INTO `airport` (`id`,`airportCode`,`city`,`name`,`country_id`) VALUES (478,'FRA','Frankfurt/Main','Frankfurt/Main Int\'l Airport',52);
INSERT INTO `airport` (`id`,`airportCode`,`city`,`name`,`country_id`) VALUES (479,'HNN','Frankfurt/Hahn','Frankfurt/Hahn',52);
INSERT INTO `airport` (`id`,`airportCode`,`city`,`name`,`country_id`) VALUES (480,'FKL','Franklin/Oil','Franklin/Oil City',5);
INSERT INTO `airport` (`id`,`airportCode`,`city`,`name`,`country_id`) VALUES (481,'YFC','Fredericton','Fredericton',50);
INSERT INTO `airport` (`id`,`airportCode`,`city`,`name`,`country_id`) VALUES (482,'FPO','Freeport','Freeport',93);
INSERT INTO `airport` (`id`,`airportCode`,`city`,`name`,`country_id`) VALUES (483,'FNA','Freetown','Freetown',116);
INSERT INTO `airport` (`id`,`airportCode`,`city`,`name`,`country_id`) VALUES (484,'FRJ','Frejus','Frejus',23);
INSERT INTO `airport` (`id`,`airportCode`,`city`,`name`,`country_id`) VALUES (485,'FAT','Fresno','Fresno',5);
INSERT INTO `airport` (`id`,`airportCode`,`city`,`name`,`country_id`) VALUES (486,'FDH','Friedrichshafen','Friedrichshafen',52);
INSERT INTO `airport` (`id`,`airportCode`,`city`,`name`,`country_id`) VALUES (487,'FUE','Fuerteventura','Fuerteventura',30);
INSERT INTO `airport` (`id`,`airportCode`,`city`,`name`,`country_id`) VALUES (488,'FUK','Fukuoka','Fukuoka',24);
INSERT INTO `airport` (`id`,`airportCode`,`city`,`name`,`country_id`) VALUES (489,'FKS','Fukushima-shi,','Fukushima-shi, Fukushima Airport',24);
INSERT INTO `airport` (`id`,`airportCode`,`city`,`name`,`country_id`) VALUES (490,'FNC','Funchal','Funchal',114);
INSERT INTO `airport` (`id`,`airportCode`,`city`,`name`,`country_id`) VALUES (491,'FUT','Futuna','Futuna',117);
INSERT INTO `airport` (`id`,`airportCode`,`city`,`name`,`country_id`) VALUES (492,'GBE','Gaborone','Gaborone',118);
INSERT INTO `airport` (`id`,`airportCode`,`city`,`name`,`country_id`) VALUES (493,'GAD','Gadsden','Gadsden',5);
INSERT INTO `airport` (`id`,`airportCode`,`city`,`name`,`country_id`) VALUES (494,'GNV','Gainesville','Gainesville',5);
INSERT INTO `airport` (`id`,`airportCode`,`city`,`name`,`country_id`) VALUES (495,'GWY','Galway','Galway',97);
INSERT INTO `airport` (`id`,`airportCode`,`city`,`name`,`country_id`) VALUES (496,'YQX','Gander','Gander',50);
INSERT INTO `airport` (`id`,`airportCode`,`city`,`name`,`country_id`) VALUES (497,'GOU','Garoua','Garoua',105);
INSERT INTO `airport` (`id`,`airportCode`,`city`,`name`,`country_id`) VALUES (498,'GDN','Gdansk','Gdansk',119);
INSERT INTO `airport` (`id`,`airportCode`,`city`,`name`,`country_id`) VALUES (499,'GEX','Geelong','Geelong',14);
INSERT INTO `airport` (`id`,`airportCode`,`city`,`name`,`country_id`) VALUES (500,'GVA','Geneva','Geneva',32);
INSERT INTO `airport` (`id`,`airportCode`,`city`,`name`,`country_id`) VALUES (501,'GOA','Genoa','Genoa',28);
INSERT INTO `airport` (`id`,`airportCode`,`city`,`name`,`country_id`) VALUES (502,'GRJ','George','George',20);
INSERT INTO `airport` (`id`,`airportCode`,`city`,`name`,`country_id`) VALUES (503,'GEO','Georgetown','Georgetown',120);
INSERT INTO `airport` (`id`,`airportCode`,`city`,`name`,`country_id`) VALUES (504,'GET','Geraldton','Geraldton',14);
INSERT INTO `airport` (`id`,`airportCode`,`city`,`name`,`country_id`) VALUES (505,'GRO','Gerona','Gerona',30);
INSERT INTO `airport` (`id`,`airportCode`,`city`,`name`,`country_id`) VALUES (506,'GIB','Gibraltar','Gibraltar',121);
INSERT INTO `airport` (`id`,`airportCode`,`city`,`name`,`country_id`) VALUES (507,'GCC','Gilette','Gilette',5);
INSERT INTO `airport` (`id`,`airportCode`,`city`,`name`,`country_id`) VALUES (508,'GIL','Gilgit','Gilgit',54);
INSERT INTO `airport` (`id`,`airportCode`,`city`,`name`,`country_id`) VALUES (509,'YGX','Gillam','Gillam',50);
INSERT INTO `airport` (`id`,`airportCode`,`city`,`name`,`country_id`) VALUES (510,'GLT','Gladstone','Gladstone',14);
INSERT INTO `airport` (`id`,`airportCode`,`city`,`name`,`country_id`) VALUES (511,'PIK','Glasgow,','Glasgow, Prestwick',4);
INSERT INTO `airport` (`id`,`airportCode`,`city`,`name`,`country_id`) VALUES (512,'GLA','Glasgow','Glasgow',4);
INSERT INTO `airport` (`id`,`airportCode`,`city`,`name`,`country_id`) VALUES (513,'GGW','Glasgow','Glasgow',5);
INSERT INTO `airport` (`id`,`airportCode`,`city`,`name`,`country_id`) VALUES (514,'GDV','Glendive','Glendive',5);
INSERT INTO `airport` (`id`,`airportCode`,`city`,`name`,`country_id`) VALUES (515,'GOI','Goa','Goa',22);
INSERT INTO `airport` (`id`,`airportCode`,`city`,`name`,`country_id`) VALUES (516,'GYN','Goiania','Goiania',42);
INSERT INTO `airport` (`id`,`airportCode`,`city`,`name`,`country_id`) VALUES (517,'OOL','Gold','Gold Coast',14);
INSERT INTO `airport` (`id`,`airportCode`,`city`,`name`,`country_id`) VALUES (518,'GOO','Goondiwindi','Goondiwindi',14);
INSERT INTO `airport` (`id`,`airportCode`,`city`,`name`,`country_id`) VALUES (519,'YYR','Goose','Goose Bay',50);
INSERT INTO `airport` (`id`,`airportCode`,`city`,`name`,`country_id`) VALUES (520,'GOZ','Gorna','Gorna',79);
INSERT INTO `airport` (`id`,`airportCode`,`city`,`name`,`country_id`) VALUES (521,'GOT','Goteborg','Goteborg',122);
INSERT INTO `airport` (`id`,`airportCode`,`city`,`name`,`country_id`) VALUES (522,'GOV','Gove','Gove (Nhulunbuy)',14);
INSERT INTO `airport` (`id`,`airportCode`,`city`,`name`,`country_id`) VALUES (523,'GHB','Govenors','Govenors Harbour',93);
INSERT INTO `airport` (`id`,`airportCode`,`city`,`name`,`country_id`) VALUES (524,'GRX','Granada','Granada',30);
INSERT INTO `airport` (`id`,`airportCode`,`city`,`name`,`country_id`) VALUES (525,'GBI','Grand','Grand Bahama',93);
INSERT INTO `airport` (`id`,`airportCode`,`city`,`name`,`country_id`) VALUES (526,'GCN','Grand','Grand Canyon',5);
INSERT INTO `airport` (`id`,`airportCode`,`city`,`name`,`country_id`) VALUES (527,'GCM','Grand','Grand Cayman',123);
INSERT INTO `airport` (`id`,`airportCode`,`city`,`name`,`country_id`) VALUES (528,'GFK','Grand','Grand Forks',5);
INSERT INTO `airport` (`id`,`airportCode`,`city`,`name`,`country_id`) VALUES (529,'GJT','Grand','Grand Junction',5);
INSERT INTO `airport` (`id`,`airportCode`,`city`,`name`,`country_id`) VALUES (530,'GRR','Grand','Grand Rapids',5);
INSERT INTO `airport` (`id`,`airportCode`,`city`,`name`,`country_id`) VALUES (531,'GPZ','Grand','Grand Rapids',5);
INSERT INTO `airport` (`id`,`airportCode`,`city`,`name`,`country_id`) VALUES (532,'GRZ','Graz','Graz',124);
INSERT INTO `airport` (`id`,`airportCode`,`city`,`name`,`country_id`) VALUES (533,'GTF','Great','Great Falls',5);
INSERT INTO `airport` (`id`,`airportCode`,`city`,`name`,`country_id`) VALUES (534,'GKL','Great','Great Keppel Island',14);
INSERT INTO `airport` (`id`,`airportCode`,`city`,`name`,`country_id`) VALUES (535,'GRB','Green','Green Bay',5);
INSERT INTO `airport` (`id`,`airportCode`,`city`,`name`,`country_id`) VALUES (536,'LWB','Greenbrier/Lewisburg','Greenbrier/Lewisburg',5);
INSERT INTO `airport` (`id`,`airportCode`,`city`,`name`,`country_id`) VALUES (537,'GSO','Greensboro/Winston','Greensboro/Winston Salem',5);
INSERT INTO `airport` (`id`,`airportCode`,`city`,`name`,`country_id`) VALUES (538,'GLH','Greenville','Greenville',5);
INSERT INTO `airport` (`id`,`airportCode`,`city`,`name`,`country_id`) VALUES (539,'PGV','Greenville','Greenville',5);
INSERT INTO `airport` (`id`,`airportCode`,`city`,`name`,`country_id`) VALUES (540,'GSP','Greenville/Spartanburg','Greenville/Spartanburg',5);
INSERT INTO `airport` (`id`,`airportCode`,`city`,`name`,`country_id`) VALUES (541,'GND','Grenada','Grenada',125);
INSERT INTO `airport` (`id`,`airportCode`,`city`,`name`,`country_id`) VALUES (542,'GNB','Grenoble','Grenoble',23);
INSERT INTO `airport` (`id`,`airportCode`,`city`,`name`,`country_id`) VALUES (543,'GFF','Griffith','Griffith',14);
INSERT INTO `airport` (`id`,`airportCode`,`city`,`name`,`country_id`) VALUES (544,'GTE','Groote','Groote Eyeland',14);
INSERT INTO `airport` (`id`,`airportCode`,`city`,`name`,`country_id`) VALUES (545,'GTI','Groote','Groote Eylandt',14);
INSERT INTO `airport` (`id`,`airportCode`,`city`,`name`,`country_id`) VALUES (546,'GON','Groton/New','Groton/New London',5);
INSERT INTO `airport` (`id`,`airportCode`,`city`,`name`,`country_id`) VALUES (547,'GDL','Guadalajara','Guadalajara',10);
INSERT INTO `airport` (`id`,`airportCode`,`city`,`name`,`country_id`) VALUES (548,'GSI','Guadalcanal','Guadalcanal',126);
INSERT INTO `airport` (`id`,`airportCode`,`city`,`name`,`country_id`) VALUES (549,'GUM','Guam','Guam',19);
INSERT INTO `airport` (`id`,`airportCode`,`city`,`name`,`country_id`) VALUES (550,'GRU','Guarulhos','Guarulhos Int\'l - Sao Paulo',42);
INSERT INTO `airport` (`id`,`airportCode`,`city`,`name`,`country_id`) VALUES (551,'GUA','Guatemala','Guatemala City',127);
INSERT INTO `airport` (`id`,`airportCode`,`city`,`name`,`country_id`) VALUES (552,'GYE','Guayaquil','Guayaquil',128);
INSERT INTO `airport` (`id`,`airportCode`,`city`,`name`,`country_id`) VALUES (553,'GCI','Guernsey','Guernsey',4);
INSERT INTO `airport` (`id`,`airportCode`,`city`,`name`,`country_id`) VALUES (554,'GPT','Gulfport/Biloxi','Gulfport/Biloxi',5);
INSERT INTO `airport` (`id`,`airportCode`,`city`,`name`,`country_id`) VALUES (555,'ULU','Gulu','Gulu',112);
INSERT INTO `airport` (`id`,`airportCode`,`city`,`name`,`country_id`) VALUES (556,'GUC','Gunnison/Crested','Gunnison/Crested Butte',5);
INSERT INTO `airport` (`id`,`airportCode`,`city`,`name`,`country_id`) VALUES (557,'GAU','Guwahati','Guwahati',22);
INSERT INTO `airport` (`id`,`airportCode`,`city`,`name`,`country_id`) VALUES (558,'GWD','Gwadar','Gwadar',54);
INSERT INTO `airport` (`id`,`airportCode`,`city`,`name`,`country_id`) VALUES (559,'GWE','Gweru','Gweru',85);
INSERT INTO `airport` (`id`,`airportCode`,`city`,`name`,`country_id`) VALUES (560,'GYP','Gympie','Gympie',14);
INSERT INTO `airport` (`id`,`airportCode`,`city`,`name`,`country_id`) VALUES (561,'HAC','Hachijo','Hachijo Jima',24);
INSERT INTO `airport` (`id`,`airportCode`,`city`,`name`,`country_id`) VALUES (562,'HFA','Haifa','Haifa',110);
INSERT INTO `airport` (`id`,`airportCode`,`city`,`name`,`country_id`) VALUES (563,'HNS','Haines','Haines',5);
INSERT INTO `airport` (`id`,`airportCode`,`city`,`name`,`country_id`) VALUES (564,'HKD','Hakodate','Hakodate',24);
INSERT INTO `airport` (`id`,`airportCode`,`city`,`name`,`country_id`) VALUES (565,'YHZ','Halifax','Halifax Int\'l',50);
INSERT INTO `airport` (`id`,`airportCode`,`city`,`name`,`country_id`) VALUES (566,'YUX','Hall','Hall Beach',50);
INSERT INTO `airport` (`id`,`airportCode`,`city`,`name`,`country_id`) VALUES (567,'HAM','Hamburg','Hamburg - Fuhlsbuettel',52);
INSERT INTO `airport` (`id`,`airportCode`,`city`,`name`,`country_id`) VALUES (568,'HLT','Hamilton','Hamilton',14);
INSERT INTO `airport` (`id`,`airportCode`,`city`,`name`,`country_id`) VALUES (569,'YHM','Hamilton','Hamilton',50);
INSERT INTO `airport` (`id`,`airportCode`,`city`,`name`,`country_id`) VALUES (570,'HTI','Hamilton','Hamilton Island',14);
INSERT INTO `airport` (`id`,`airportCode`,`city`,`name`,`country_id`) VALUES (571,'HFT','Hammerfest','Hammerfest',27);
INSERT INTO `airport` (`id`,`airportCode`,`city`,`name`,`country_id`) VALUES (572,'CMX','Hancock','Hancock',5);
INSERT INTO `airport` (`id`,`airportCode`,`city`,`name`,`country_id`) VALUES (573,'HAJ','Hannover','Hannover',52);
INSERT INTO `airport` (`id`,`airportCode`,`city`,`name`,`country_id`) VALUES (574,'HAN','Hanoi','Hanoi - Noibai',129);
INSERT INTO `airport` (`id`,`airportCode`,`city`,`name`,`country_id`) VALUES (575,'HRE','Harare','Harare',85);
INSERT INTO `airport` (`id`,`airportCode`,`city`,`name`,`country_id`) VALUES (576,'HRL','Harlington/South','Harlington/South Padre Island',5);
INSERT INTO `airport` (`id`,`airportCode`,`city`,`name`,`country_id`) VALUES (577,'YHR','Harrington','Harrington Harbour, PQ',50);
INSERT INTO `airport` (`id`,`airportCode`,`city`,`name`,`country_id`) VALUES (578,'HAR','Harrisburg','Harrisburg',5);
INSERT INTO `airport` (`id`,`airportCode`,`city`,`name`,`country_id`) VALUES (579,'MDT','Harrisburg','Harrisburg',5);
INSERT INTO `airport` (`id`,`airportCode`,`city`,`name`,`country_id`) VALUES (580,'BDL','Hartford','Hartford',5);
INSERT INTO `airport` (`id`,`airportCode`,`city`,`name`,`country_id`) VALUES (581,'HDY','Hatyai','Hatyai (Hat Yai)',60);
INSERT INTO `airport` (`id`,`airportCode`,`city`,`name`,`country_id`) VALUES (582,'HAU','Haugesund','Haugesund',27);
INSERT INTO `airport` (`id`,`airportCode`,`city`,`name`,`country_id`) VALUES (583,'HAV','Havana','Havana - Jos Mart Int\'l',130);
INSERT INTO `airport` (`id`,`airportCode`,`city`,`name`,`country_id`) VALUES (584,'HVR','Havre','Havre',5);
INSERT INTO `airport` (`id`,`airportCode`,`city`,`name`,`country_id`) VALUES (585,'HIS','Hayman','Hayman Island',14);
INSERT INTO `airport` (`id`,`airportCode`,`city`,`name`,`country_id`) VALUES (586,'HLN','Helena','Helena',5);
INSERT INTO `airport` (`id`,`airportCode`,`city`,`name`,`country_id`) VALUES (587,'JHE','Helsingborg','Helsingborg',122);
INSERT INTO `airport` (`id`,`airportCode`,`city`,`name`,`country_id`) VALUES (588,'HEL','Helsinki','Helsinki - Vantaa',111);
INSERT INTO `airport` (`id`,`airportCode`,`city`,`name`,`country_id`) VALUES (589,'HER','Heraklion','Heraklion',45);
INSERT INTO `airport` (`id`,`airportCode`,`city`,`name`,`country_id`) VALUES (590,'HMO','Hermosillo','Hermosillo - Gen. Pesqueira Garcia',10);
INSERT INTO `airport` (`id`,`airportCode`,`city`,`name`,`country_id`) VALUES (591,'HVB','Hervey','Hervey Bay',14);
INSERT INTO `airport` (`id`,`airportCode`,`city`,`name`,`country_id`) VALUES (592,'HIB','Hibbing','Hibbing',5);
INSERT INTO `airport` (`id`,`airportCode`,`city`,`name`,`country_id`) VALUES (593,'HKY','Hickory','Hickory',5);
INSERT INTO `airport` (`id`,`airportCode`,`city`,`name`,`country_id`) VALUES (594,'ITO','Hilo','Hilo',5);
INSERT INTO `airport` (`id`,`airportCode`,`city`,`name`,`country_id`) VALUES (595,'HHH','Hilton','Hilton Head Island',5);
INSERT INTO `airport` (`id`,`airportCode`,`city`,`name`,`country_id`) VALUES (596,'HNK','Hinchinbrook','Hinchinbrook Island',14);
INSERT INTO `airport` (`id`,`airportCode`,`city`,`name`,`country_id`) VALUES (597,'SGN','Ho','Ho Chi Minh City (Saigon)',129);
INSERT INTO `airport` (`id`,`airportCode`,`city`,`name`,`country_id`) VALUES (598,'HBA','Hobart','Hobart',14);
INSERT INTO `airport` (`id`,`airportCode`,`city`,`name`,`country_id`) VALUES (599,'HOQ','Hof','Hof',52);
INSERT INTO `airport` (`id`,`airportCode`,`city`,`name`,`country_id`) VALUES (600,'HOG','Holguin','Holguin',130);
INSERT INTO `airport` (`id`,`airportCode`,`city`,`name`,`country_id`) VALUES (601,'HMH','Home','Home Hill',14);
INSERT INTO `airport` (`id`,`airportCode`,`city`,`name`,`country_id`) VALUES (602,'HOM','Homer','Homer',5);
INSERT INTO `airport` (`id`,`airportCode`,`city`,`name`,`country_id`) VALUES (603,'HKG','Hong','Hong Kong - Int\'l Airport (HKIA)',131);
INSERT INTO `airport` (`id`,`airportCode`,`city`,`name`,`country_id`) VALUES (604,'ZJK','Hong','Hong Kong - Chek Lap Kok',131);
INSERT INTO `airport` (`id`,`airportCode`,`city`,`name`,`country_id`) VALUES (605,'HIR','Honiara','Honiara Henderson Int\'l',126);
INSERT INTO `airport` (`id`,`airportCode`,`city`,`name`,`country_id`) VALUES (606,'HNL','Honolulu','Honolulu',5);
INSERT INTO `airport` (`id`,`airportCode`,`city`,`name`,`country_id`) VALUES (607,'HNH','Hoonah','Hoonah',5);
INSERT INTO `airport` (`id`,`airportCode`,`city`,`name`,`country_id`) VALUES (608,'HOR','Horta','Horta',114);
INSERT INTO `airport` (`id`,`airportCode`,`city`,`name`,`country_id`) VALUES (609,'HOU','Houston','Houston',5);
INSERT INTO `airport` (`id`,`airportCode`,`city`,`name`,`country_id`) VALUES (610,'IAH','Houston','Houston',5);
INSERT INTO `airport` (`id`,`airportCode`,`city`,`name`,`country_id`) VALUES (611,'HUH','Huahine','Huahine',78);
INSERT INTO `airport` (`id`,`airportCode`,`city`,`name`,`country_id`) VALUES (612,'HUX','Huatulco','Huatulco',10);
INSERT INTO `airport` (`id`,`airportCode`,`city`,`name`,`country_id`) VALUES (613,'HUI','Hue','Hue - Phu Bai',129);
INSERT INTO `airport` (`id`,`airportCode`,`city`,`name`,`country_id`) VALUES (614,'HUY','Humberside','Humberside',4);
INSERT INTO `airport` (`id`,`airportCode`,`city`,`name`,`country_id`) VALUES (615,'HTS','Huntington','Huntington',5);
INSERT INTO `airport` (`id`,`airportCode`,`city`,`name`,`country_id`) VALUES (616,'HSV','Huntsville','Huntsville',5);
INSERT INTO `airport` (`id`,`airportCode`,`city`,`name`,`country_id`) VALUES (617,'HRG','Hurghada','Hurghada Int\'l',9);
INSERT INTO `airport` (`id`,`airportCode`,`city`,`name`,`country_id`) VALUES (618,'HON','Huron','Huron',5);
INSERT INTO `airport` (`id`,`airportCode`,`city`,`name`,`country_id`) VALUES (619,'HWN','Hwange','Hwange National Park',85);
INSERT INTO `airport` (`id`,`airportCode`,`city`,`name`,`country_id`) VALUES (620,'HYA','Hyannis','Hyannis',5);
INSERT INTO `airport` (`id`,`airportCode`,`city`,`name`,`country_id`) VALUES (621,'HYG','Hydaburg','Hydaburg',5);
INSERT INTO `airport` (`id`,`airportCode`,`city`,`name`,`country_id`) VALUES (622,'HYD','Hyderabad','Hyderabad - Begumpet',22);
INSERT INTO `airport` (`id`,`airportCode`,`city`,`name`,`country_id`) VALUES (623,'HDD','Hyderabad','Hyderabad',54);
INSERT INTO `airport` (`id`,`airportCode`,`city`,`name`,`country_id`) VALUES (624,'IBZ','Ibiza','Ibiza',132);
INSERT INTO `airport` (`id`,`airportCode`,`city`,`name`,`country_id`) VALUES (625,'IDA','Idaho','Idaho Falls',5);
INSERT INTO `airport` (`id`,`airportCode`,`city`,`name`,`country_id`) VALUES (626,'ILP','Ile','Ile des Pins',133);
INSERT INTO `airport` (`id`,`airportCode`,`city`,`name`,`country_id`) VALUES (627,'IOU','Ile','Ile Ouen',133);
INSERT INTO `airport` (`id`,`airportCode`,`city`,`name`,`country_id`) VALUES (628,'ILI','Iliamna','Iliamna',5);
INSERT INTO `airport` (`id`,`airportCode`,`city`,`name`,`country_id`) VALUES (629,'IPL','Imperial','Imperial',5);
INSERT INTO `airport` (`id`,`airportCode`,`city`,`name`,`country_id`) VALUES (630,'IVC','Incercargill','Incercargill',51);
INSERT INTO `airport` (`id`,`airportCode`,`city`,`name`,`country_id`) VALUES (631,'IND','Indianapolis','Indianapolis',5);
INSERT INTO `airport` (`id`,`airportCode`,`city`,`name`,`country_id`) VALUES (632,'IGH','Ingham','Ingham',14);
INSERT INTO `airport` (`id`,`airportCode`,`city`,`name`,`country_id`) VALUES (633,'IFL','Innisfail','Innisfail',14);
INSERT INTO `airport` (`id`,`airportCode`,`city`,`name`,`country_id`) VALUES (634,'INN','Innsbruck','Innsbruck - Kranebitten',124);
INSERT INTO `airport` (`id`,`airportCode`,`city`,`name`,`country_id`) VALUES (635,'INL','International','International Falls',5);
INSERT INTO `airport` (`id`,`airportCode`,`city`,`name`,`country_id`) VALUES (636,'YEV','Inuvik','Inuvik',50);
INSERT INTO `airport` (`id`,`airportCode`,`city`,`name`,`country_id`) VALUES (637,'IVC','Invercargill','Invercargill',51);
INSERT INTO `airport` (`id`,`airportCode`,`city`,`name`,`country_id`) VALUES (638,'INV','Inverness','Inverness',4);
INSERT INTO `airport` (`id`,`airportCode`,`city`,`name`,`country_id`) VALUES (639,'IYK','Inykern','Inykern',5);
INSERT INTO `airport` (`id`,`airportCode`,`city`,`name`,`country_id`) VALUES (640,'YFB','Iqaluit','Iqaluit (Frobisher Bay)',50);
INSERT INTO `airport` (`id`,`airportCode`,`city`,`name`,`country_id`) VALUES (641,'IQT','Iquitos','Iquitos',134);
INSERT INTO `airport` (`id`,`airportCode`,`city`,`name`,`country_id`) VALUES (642,'IKT','Irkutsk','Irkutsk',16);
INSERT INTO `airport` (`id`,`airportCode`,`city`,`name`,`country_id`) VALUES (643,'LSG','Ishigaki','Ishigaki',24);
INSERT INTO `airport` (`id`,`airportCode`,`city`,`name`,`country_id`) VALUES (644,'ISB','Islamabad','Islamabad - Islamabad Int\'l',54);
INSERT INTO `airport` (`id`,`airportCode`,`city`,`name`,`country_id`) VALUES (645,'IOM','Isle','Isle of Man',4);
INSERT INTO `airport` (`id`,`airportCode`,`city`,`name`,`country_id`) VALUES (646,'IST','Istanbul','Istanbul - Ataturk',12);
INSERT INTO `airport` (`id`,`airportCode`,`city`,`name`,`country_id`) VALUES (647,'ITH','Ithaca/Cortland','Ithaca/Cortland',5);
INSERT INTO `airport` (`id`,`airportCode`,`city`,`name`,`country_id`) VALUES (648,'IVL','Ivalo','Ivalo',111);
INSERT INTO `airport` (`id`,`airportCode`,`city`,`name`,`country_id`) VALUES (649,'ZIH','Ixtapa/Zihuatenejo','Ixtapa/Zihuatenejo',10);
INSERT INTO `airport` (`id`,`airportCode`,`city`,`name`,`country_id`) VALUES (650,'IZM','Izmir','Izmir',12);
INSERT INTO `airport` (`id`,`airportCode`,`city`,`name`,`country_id`) VALUES (651,'JAC','Jackson','Jackson Hole',5);
INSERT INTO `airport` (`id`,`airportCode`,`city`,`name`,`country_id`) VALUES (652,'JXN','Jackson','Jackson',5);
INSERT INTO `airport` (`id`,`airportCode`,`city`,`name`,`country_id`) VALUES (653,'JAN','Jackson','Jackson',5);
INSERT INTO `airport` (`id`,`airportCode`,`city`,`name`,`country_id`) VALUES (654,'MKL','Jackson','Jackson',5);
INSERT INTO `airport` (`id`,`airportCode`,`city`,`name`,`country_id`) VALUES (655,'JAX','Jacksonville','Jacksonville',5);
INSERT INTO `airport` (`id`,`airportCode`,`city`,`name`,`country_id`) VALUES (656,'OAJ','Jacksonville','Jacksonville',5);
INSERT INTO `airport` (`id`,`airportCode`,`city`,`name`,`country_id`) VALUES (657,'JAG','Jacobabad','Jacobabad',54);
INSERT INTO `airport` (`id`,`airportCode`,`city`,`name`,`country_id`) VALUES (658,'JAI','Jaipur','Jaipur - Sanganeer',22);
INSERT INTO `airport` (`id`,`airportCode`,`city`,`name`,`country_id`) VALUES (659,'HLP','Jakarta','Jakarta - Halim Perdanakusma',100);
INSERT INTO `airport` (`id`,`airportCode`,`city`,`name`,`country_id`) VALUES (660,'JKT','Jakarta','Jakarta - Kemayoran',100);
INSERT INTO `airport` (`id`,`airportCode`,`city`,`name`,`country_id`) VALUES (661,'CGK','Jakarta','Jakarta - Soekarno-Hatta',100);
INSERT INTO `airport` (`id`,`airportCode`,`city`,`name`,`country_id`) VALUES (662,'JLR','Jalandhar','Jalandhar',22);
INSERT INTO `airport` (`id`,`airportCode`,`city`,`name`,`country_id`) VALUES (663,'JMS','Jamestown','Jamestown',5);
INSERT INTO `airport` (`id`,`airportCode`,`city`,`name`,`country_id`) VALUES (664,'JHW','Jamestown','Jamestown',5);
INSERT INTO `airport` (`id`,`airportCode`,`city`,`name`,`country_id`) VALUES (665,'IXW','Jamshedpur','Jamshedpur - Sonari',22);
INSERT INTO `airport` (`id`,`airportCode`,`city`,`name`,`country_id`) VALUES (666,'JED','Jeddah','Jeddah - King Abdulaziz Int\'l',101);
INSERT INTO `airport` (`id`,`airportCode`,`city`,`name`,`country_id`) VALUES (667,'XRY','Jerez','Jerez de la Frontera/Cadiz',30);
INSERT INTO `airport` (`id`,`airportCode`,`city`,`name`,`country_id`) VALUES (668,'JER','Jersey','Jersey',4);
INSERT INTO `airport` (`id`,`airportCode`,`city`,`name`,`country_id`) VALUES (669,'JRS','Jerusalem','Jerusalem',110);
INSERT INTO `airport` (`id`,`airportCode`,`city`,`name`,`country_id`) VALUES (670,'JIW','Jiwani','Jiwani',54);
INSERT INTO `airport` (`id`,`airportCode`,`city`,`name`,`country_id`) VALUES (671,'JCB','Joacaba','Joacaba',42);
INSERT INTO `airport` (`id`,`airportCode`,`city`,`name`,`country_id`) VALUES (672,'JPA','Joao','Joao Pessoa - Castro Pinto',42);
INSERT INTO `airport` (`id`,`airportCode`,`city`,`name`,`country_id`) VALUES (673,'JKG','Joenkoeping','Joenkoeping',122);
INSERT INTO `airport` (`id`,`airportCode`,`city`,`name`,`country_id`) VALUES (674,'JOE','Joensuu','Joensuu',111);
INSERT INTO `airport` (`id`,`airportCode`,`city`,`name`,`country_id`) VALUES (675,'JNB','Johannesburg','Johannesburg - Johannesburg Int\'l',20);
INSERT INTO `airport` (`id`,`airportCode`,`city`,`name`,`country_id`) VALUES (676,'JST','Johnstown','Johnstown',5);
INSERT INTO `airport` (`id`,`airportCode`,`city`,`name`,`country_id`) VALUES (677,'JHB','Johore','Johore Bahru',73);
INSERT INTO `airport` (`id`,`airportCode`,`city`,`name`,`country_id`) VALUES (678,'JLN','Joplin','Joplin',5);
INSERT INTO `airport` (`id`,`airportCode`,`city`,`name`,`country_id`) VALUES (679,'GJN','Jounieh','Jounieh',67);
INSERT INTO `airport` (`id`,`airportCode`,`city`,`name`,`country_id`) VALUES (680,'JNU','Juneau','Juneau',5);
INSERT INTO `airport` (`id`,`airportCode`,`city`,`name`,`country_id`) VALUES (681,'JYV','Jyvaeskylae','Jyvaeskylae',111);
INSERT INTO `airport` (`id`,`airportCode`,`city`,`name`,`country_id`) VALUES (682,'KBL','Kabul','Kabul - Khwaja Rawash',135);
INSERT INTO `airport` (`id`,`airportCode`,`city`,`name`,`country_id`) VALUES (683,'KOJ','Kagoshima','Kagoshima',24);
INSERT INTO `airport` (`id`,`airportCode`,`city`,`name`,`country_id`) VALUES (684,'OGG','Kahului','Kahului',5);
INSERT INTO `airport` (`id`,`airportCode`,`city`,`name`,`country_id`) VALUES (685,'KAJ','Kajaani','Kajaani',111);
INSERT INTO `airport` (`id`,`airportCode`,`city`,`name`,`country_id`) VALUES (686,'KLX','Kalamata','Kalamata',45);
INSERT INTO `airport` (`id`,`airportCode`,`city`,`name`,`country_id`) VALUES (687,'AZO','Kalamazoo/Battle','Kalamazoo/Battle Creek',5);
INSERT INTO `airport` (`id`,`airportCode`,`city`,`name`,`country_id`) VALUES (688,'KGI','Kalgoorlie','Kalgoorlie',14);
INSERT INTO `airport` (`id`,`airportCode`,`city`,`name`,`country_id`) VALUES (689,'FCA','Kalispell','Kalispell',5);
INSERT INTO `airport` (`id`,`airportCode`,`city`,`name`,`country_id`) VALUES (690,'KLR','Kalmar','Kalmar',122);
INSERT INTO `airport` (`id`,`airportCode`,`city`,`name`,`country_id`) VALUES (691,'KAN','Kano','Kano',8);
INSERT INTO `airport` (`id`,`airportCode`,`city`,`name`,`country_id`) VALUES (692,'MUE','Kamuela','Kamuela',5);
INSERT INTO `airport` (`id`,`airportCode`,`city`,`name`,`country_id`) VALUES (693,'QJU','Kanpur','Kanpur',22);
INSERT INTO `airport` (`id`,`airportCode`,`city`,`name`,`country_id`) VALUES (694,'MCI','Kansas','Kansas City',5);
INSERT INTO `airport` (`id`,`airportCode`,`city`,`name`,`country_id`) VALUES (695,'KHH','Kaohsiung','Kaohsiung Int\'l',136);
INSERT INTO `airport` (`id`,`airportCode`,`city`,`name`,`country_id`) VALUES (696,'JHM','Kapalua','Kapalua West',5);
INSERT INTO `airport` (`id`,`airportCode`,`city`,`name`,`country_id`) VALUES (697,'KHI','Karachi','Karachi - Quaid-E-Azam Int\'l',54);
INSERT INTO `airport` (`id`,`airportCode`,`city`,`name`,`country_id`) VALUES (698,'KSD','Karlstad','Karlstad',122);
INSERT INTO `airport` (`id`,`airportCode`,`city`,`name`,`country_id`) VALUES (699,'AOK','Karpathos','Karpathos',45);
INSERT INTO `airport` (`id`,`airportCode`,`city`,`name`,`country_id`) VALUES (700,'KTA','Karratha','Karratha',14);
INSERT INTO `airport` (`id`,`airportCode`,`city`,`name`,`country_id`) VALUES (701,'KRB','Karumba','Karumba',14);
INSERT INTO `airport` (`id`,`airportCode`,`city`,`name`,`country_id`) VALUES (702,'KRP','Karup','Karup',1);
INSERT INTO `airport` (`id`,`airportCode`,`city`,`name`,`country_id`) VALUES (703,'ZKE','Kaschechawan,','Kaschechawan, PQ',50);
INSERT INTO `airport` (`id`,`airportCode`,`city`,`name`,`country_id`) VALUES (704,'KSL','Kassala','Kassala',137);
INSERT INTO `airport` (`id`,`airportCode`,`city`,`name`,`country_id`) VALUES (705,'KTR','Katherine','Katherine',14);
INSERT INTO `airport` (`id`,`airportCode`,`city`,`name`,`country_id`) VALUES (706,'KTM','Kathmandu','Kathmandu - Tribhuvan',138);
INSERT INTO `airport` (`id`,`airportCode`,`city`,`name`,`country_id`) VALUES (707,'MPA','Katima','Katima Mulilo/Mpacha',139);
INSERT INTO `airport` (`id`,`airportCode`,`city`,`name`,`country_id`) VALUES (708,'KHJ','Kauhajoki','Kauhajoki',111);
INSERT INTO `airport` (`id`,`airportCode`,`city`,`name`,`country_id`) VALUES (709,'MKK','Kaunakakai','Kaunakakai',5);
INSERT INTO `airport` (`id`,`airportCode`,`city`,`name`,`country_id`) VALUES (710,'KVA','Kavalla','Kavalla',45);
INSERT INTO `airport` (`id`,`airportCode`,`city`,`name`,`country_id`) VALUES (711,'KZN','Kazan','Kazan (Ka San)',16);
INSERT INTO `airport` (`id`,`airportCode`,`city`,`name`,`country_id`) VALUES (712,'KMP','Keetmanshoop','Keetmanshoop',139);
INSERT INTO `airport` (`id`,`airportCode`,`city`,`name`,`country_id`) VALUES (713,'YLW','Kelowna,','Kelowna, BC',50);
INSERT INTO `airport` (`id`,`airportCode`,`city`,`name`,`country_id`) VALUES (714,'KEM','Kemi/Tornio','Kemi/Tornio',111);
INSERT INTO `airport` (`id`,`airportCode`,`city`,`name`,`country_id`) VALUES (715,'ZNS','Kempten','Kempten',52);
INSERT INTO `airport` (`id`,`airportCode`,`city`,`name`,`country_id`) VALUES (716,'ENA','Kenai','Kenai',5);
INSERT INTO `airport` (`id`,`airportCode`,`city`,`name`,`country_id`) VALUES (717,'KIR','Kerry','Kerry County',97);
INSERT INTO `airport` (`id`,`airportCode`,`city`,`name`,`country_id`) VALUES (718,'KTN','Ketchikan','Ketchikan',5);
INSERT INTO `airport` (`id`,`airportCode`,`city`,`name`,`country_id`) VALUES (719,'EYW','Key','Key West',5);
INSERT INTO `airport` (`id`,`airportCode`,`city`,`name`,`country_id`) VALUES (720,'AHB','Khamis','Khamis Mushayat',101);
INSERT INTO `airport` (`id`,`airportCode`,`city`,`name`,`country_id`) VALUES (721,'UVL','Kharga','Kharga - New Valley',9);
INSERT INTO `airport` (`id`,`airportCode`,`city`,`name`,`country_id`) VALUES (722,'KRT','Khartoum','Khartoum',137);
INSERT INTO `airport` (`id`,`airportCode`,`city`,`name`,`country_id`) VALUES (723,'KDD','Khuzdar','Khuzdar',54);
INSERT INTO `airport` (`id`,`airportCode`,`city`,`name`,`country_id`) VALUES (724,'KEL','Kiel','Kiel - Holtenau',52);
INSERT INTO `airport` (`id`,`airportCode`,`city`,`name`,`country_id`) VALUES (725,'KBP','Kiev','Kiev - Borispol',140);
INSERT INTO `airport` (`id`,`airportCode`,`city`,`name`,`country_id`) VALUES (726,'IEV','Kiev','Kiev - Zhulhany',140);
INSERT INTO `airport` (`id`,`airportCode`,`city`,`name`,`country_id`) VALUES (727,'KGL','Kigali','Kigali - Gregoire Kayibanda',141);
INSERT INTO `airport` (`id`,`airportCode`,`city`,`name`,`country_id`) VALUES (728,'JRO','Kilimadjaro','Kilimadjaro',44);
INSERT INTO `airport` (`id`,`airportCode`,`city`,`name`,`country_id`) VALUES (729,'ILE','Killeem','Killeem',5);
INSERT INTO `airport` (`id`,`airportCode`,`city`,`name`,`country_id`) VALUES (730,'KIM','Kimberley','Kimberley',20);
INSERT INTO `airport` (`id`,`airportCode`,`city`,`name`,`country_id`) VALUES (731,'KNS','King','King Island',142);
INSERT INTO `airport` (`id`,`airportCode`,`city`,`name`,`country_id`) VALUES (732,'AKN','King','King Salomon',5);
INSERT INTO `airport` (`id`,`airportCode`,`city`,`name`,`country_id`) VALUES (733,'KGC','Kingscote','Kingscote',14);
INSERT INTO `airport` (`id`,`airportCode`,`city`,`name`,`country_id`) VALUES (734,'KIN','Kingston','Kingston - Norman Manley',143);
INSERT INTO `airport` (`id`,`airportCode`,`city`,`name`,`country_id`) VALUES (735,'ISO','Kingston','Kingston',5);
INSERT INTO `airport` (`id`,`airportCode`,`city`,`name`,`country_id`) VALUES (736,'FIH','Kinshasa','Kinshasa - N\'Djili',144);
INSERT INTO `airport` (`id`,`airportCode`,`city`,`name`,`country_id`) VALUES (737,'KKN','Kirkenes','Kirkenes',27);
INSERT INTO `airport` (`id`,`airportCode`,`city`,`name`,`country_id`) VALUES (738,'KIK','Kirkuk','Kirkuk',53);
INSERT INTO `airport` (`id`,`airportCode`,`city`,`name`,`country_id`) VALUES (739,'KRN','Kiruna','Kiruna',122);
INSERT INTO `airport` (`id`,`airportCode`,`city`,`name`,`country_id`) VALUES (740,'FKI','Kisangani','Kisangani',145);
INSERT INTO `airport` (`id`,`airportCode`,`city`,`name`,`country_id`) VALUES (741,'KTT','Kittilae','Kittilae',122);
INSERT INTO `airport` (`id`,`airportCode`,`city`,`name`,`country_id`) VALUES (742,'KIW','Kitwe','Kitwe',91);
INSERT INTO `airport` (`id`,`airportCode`,`city`,`name`,`country_id`) VALUES (743,'KLU','Klagenfurt','Klagenfurt',124);
INSERT INTO `airport` (`id`,`airportCode`,`city`,`name`,`country_id`) VALUES (744,'LMT','Klamath','Klamath Fall',5);
INSERT INTO `airport` (`id`,`airportCode`,`city`,`name`,`country_id`) VALUES (745,'KLW','Klawock','Klawock',5);
INSERT INTO `airport` (`id`,`airportCode`,`city`,`name`,`country_id`) VALUES (746,'KLZ','Kleinsee','Kleinsee',20);
INSERT INTO `airport` (`id`,`airportCode`,`city`,`name`,`country_id`) VALUES (747,'NOC','Knock','Knock',97);
INSERT INTO `airport` (`id`,`airportCode`,`city`,`name`,`country_id`) VALUES (748,'TYS','Knoxville','Knoxville',5);
INSERT INTO `airport` (`id`,`airportCode`,`city`,`name`,`country_id`) VALUES (749,'UKB','Kobe','Kobe',24);
INSERT INTO `airport` (`id`,`airportCode`,`city`,`name`,`country_id`) VALUES (750,'KCZ','Kochi','Kochi',24);
INSERT INTO `airport` (`id`,`airportCode`,`city`,`name`,`country_id`) VALUES (751,'CGN','Kln,','Kln, Kln/Bonn',52);
INSERT INTO `airport` (`id`,`airportCode`,`city`,`name`,`country_id`) VALUES (752,'ADQ','Kodiak','Kodiak',5);
INSERT INTO `airport` (`id`,`airportCode`,`city`,`name`,`country_id`) VALUES (753,'OHT','Kohat','Kohat',54);
INSERT INTO `airport` (`id`,`airportCode`,`city`,`name`,`country_id`) VALUES (754,'KOK','Kokkola/Pietarsaari','Kokkola/Pietarsaari',111);
INSERT INTO `airport` (`id`,`airportCode`,`city`,`name`,`country_id`) VALUES (755,'CCU','Kolkata','Kolkata (Calcutta) - Netaji Subhas Chandra',22);
INSERT INTO `airport` (`id`,`airportCode`,`city`,`name`,`country_id`) VALUES (756,'KOA','Kona','Kona',5);
INSERT INTO `airport` (`id`,`airportCode`,`city`,`name`,`country_id`) VALUES (757,'HGO','Korhogo','Korhogo',6);
INSERT INTO `airport` (`id`,`airportCode`,`city`,`name`,`country_id`) VALUES (758,'KGS','Kos','Kos',45);
INSERT INTO `airport` (`id`,`airportCode`,`city`,`name`,`country_id`) VALUES (759,'BKI','Kota','Kota Kinabalu',73);
INSERT INTO `airport` (`id`,`airportCode`,`city`,`name`,`country_id`) VALUES (760,'OTZ','Kotzbue','Kotzbue',5);
INSERT INTO `airport` (`id`,`airportCode`,`city`,`name`,`country_id`) VALUES (761,'KWM','Kowanyama','Kowanyama',14);
INSERT INTO `airport` (`id`,`airportCode`,`city`,`name`,`country_id`) VALUES (762,'KRK','Krakau','Krakau',119);
INSERT INTO `airport` (`id`,`airportCode`,`city`,`name`,`country_id`) VALUES (763,'KRS','Kristiansand','Kristiansand',27);
INSERT INTO `airport` (`id`,`airportCode`,`city`,`name`,`country_id`) VALUES (764,'KID','Kristianstad','Kristianstad',122);
INSERT INTO `airport` (`id`,`airportCode`,`city`,`name`,`country_id`) VALUES (765,'KSU','Kristiansund','Kristiansund',27);
INSERT INTO `airport` (`id`,`airportCode`,`city`,`name`,`country_id`) VALUES (766,'KUB','Kuala','Kuala Belait',59);
INSERT INTO `airport` (`id`,`airportCode`,`city`,`name`,`country_id`) VALUES (767,'KUL','Kuala','Kuala Lumpur - Int\'l Airport',73);
INSERT INTO `airport` (`id`,`airportCode`,`city`,`name`,`country_id`) VALUES (768,'SZB','Kuala','Kuala Lumpur - Sultan Abdul Aziz Shah',73);
INSERT INTO `airport` (`id`,`airportCode`,`city`,`name`,`country_id`) VALUES (769,'KUA','Kuantan','Kuantan',73);
INSERT INTO `airport` (`id`,`airportCode`,`city`,`name`,`country_id`) VALUES (770,'KCH','Kuching','Kuching',73);
INSERT INTO `airport` (`id`,`airportCode`,`city`,`name`,`country_id`) VALUES (771,'KMJ','Kumamoto','Kumamoto',24);
INSERT INTO `airport` (`id`,`airportCode`,`city`,`name`,`country_id`) VALUES (772,'KNX','Kununurra','Kununurra',14);
INSERT INTO `airport` (`id`,`airportCode`,`city`,`name`,`country_id`) VALUES (773,'KUO','Kuopio','Kuopio',111);
INSERT INTO `airport` (`id`,`airportCode`,`city`,`name`,`country_id`) VALUES (774,'KUH','Kushiro','Kushiro',24);
INSERT INTO `airport` (`id`,`airportCode`,`city`,`name`,`country_id`) VALUES (775,'YVP','Kuujjuaq','Kuujjuaq (FortChimo)',50);
INSERT INTO `airport` (`id`,`airportCode`,`city`,`name`,`country_id`) VALUES (776,'YGW','Kuujjuarapik','Kuujjuarapik',50);
INSERT INTO `airport` (`id`,`airportCode`,`city`,`name`,`country_id`) VALUES (777,'KAO','Kuusamo','Kuusamo',111);
INSERT INTO `airport` (`id`,`airportCode`,`city`,`name`,`country_id`) VALUES (778,'KWI','Kuwait','Kuwait - Kuwait Int\'l',146);
INSERT INTO `airport` (`id`,`airportCode`,`city`,`name`,`country_id`) VALUES (779,'UKY','Kyoto','Kyoto',24);
INSERT INTO `airport` (`id`,`airportCode`,`city`,`name`,`country_id`) VALUES (780,'LEK','Labe','Labe',96);
INSERT INTO `airport` (`id`,`airportCode`,`city`,`name`,`country_id`) VALUES (781,'WLB','Labouchere','Labouchere Bay',5);
INSERT INTO `airport` (`id`,`airportCode`,`city`,`name`,`country_id`) VALUES (782,'LBU','Labuan','Labuan',73);
INSERT INTO `airport` (`id`,`airportCode`,`city`,`name`,`country_id`) VALUES (783,'XLB','Lac','Lac Brochet, MB',50);
INSERT INTO `airport` (`id`,`airportCode`,`city`,`name`,`country_id`) VALUES (784,'LCG','La','La Coruna',30);
INSERT INTO `airport` (`id`,`airportCode`,`city`,`name`,`country_id`) VALUES (785,'LSE','La','La Crosse',5);
INSERT INTO `airport` (`id`,`airportCode`,`city`,`name`,`country_id`) VALUES (786,'LAE','Lae','Lae',147);
INSERT INTO `airport` (`id`,`airportCode`,`city`,`name`,`country_id`) VALUES (787,'LRH','La','La Rochelle',23);
INSERT INTO `airport` (`id`,`airportCode`,`city`,`name`,`country_id`) VALUES (788,'LAF','Lafayette','Lafayette',5);
INSERT INTO `airport` (`id`,`airportCode`,`city`,`name`,`country_id`) VALUES (789,'LFT','Lafayette','Lafayette',5);
INSERT INTO `airport` (`id`,`airportCode`,`city`,`name`,`country_id`) VALUES (790,'LOS','Lagos','Lagos - Murtala Muhammed',8);
INSERT INTO `airport` (`id`,`airportCode`,`city`,`name`,`country_id`) VALUES (791,'YGL','La','La Grande',50);
INSERT INTO `airport` (`id`,`airportCode`,`city`,`name`,`country_id`) VALUES (792,'LHE','Lahore','Lahore',54);
INSERT INTO `airport` (`id`,`airportCode`,`city`,`name`,`country_id`) VALUES (793,'LCH','Lake','Lake Charles',5);
INSERT INTO `airport` (`id`,`airportCode`,`city`,`name`,`country_id`) VALUES (794,'HII','Lake','Lake Havasu City',5);
INSERT INTO `airport` (`id`,`airportCode`,`city`,`name`,`country_id`) VALUES (795,'TVL','Lake','Lake Tahoe',5);
INSERT INTO `airport` (`id`,`airportCode`,`city`,`name`,`country_id`) VALUES (796,'LKL','Lakselv','Lakselv',27);
INSERT INTO `airport` (`id`,`airportCode`,`city`,`name`,`country_id`) VALUES (797,'LBQ','Lambarene','Lambarene',148);
INSERT INTO `airport` (`id`,`airportCode`,`city`,`name`,`country_id`) VALUES (798,'SUF','Lamezia','Lamezia Terme',28);
INSERT INTO `airport` (`id`,`airportCode`,`city`,`name`,`country_id`) VALUES (799,'LMP','Lampedusa','Lampedusa',28);
INSERT INTO `airport` (`id`,`airportCode`,`city`,`name`,`country_id`) VALUES (800,'LNY','Lanai','Lanai City',5);
INSERT INTO `airport` (`id`,`airportCode`,`city`,`name`,`country_id`) VALUES (801,'LNS','Lancaster','Lancaster',5);
INSERT INTO `airport` (`id`,`airportCode`,`city`,`name`,`country_id`) VALUES (802,'LGK','Langkawi','Langkawi',73);
INSERT INTO `airport` (`id`,`airportCode`,`city`,`name`,`country_id`) VALUES (803,'LAI','Lannion','Lannion',23);
INSERT INTO `airport` (`id`,`airportCode`,`city`,`name`,`country_id`) VALUES (804,'HLA','Lanseria','Lanseria',20);
INSERT INTO `airport` (`id`,`airportCode`,`city`,`name`,`country_id`) VALUES (805,'LAN','Lansing','Lansing',5);
INSERT INTO `airport` (`id`,`airportCode`,`city`,`name`,`country_id`) VALUES (806,'LPB','La','La Paz - El Alto',94);
INSERT INTO `airport` (`id`,`airportCode`,`city`,`name`,`country_id`) VALUES (807,'LAP','La','La Paz - Leon',10);
INSERT INTO `airport` (`id`,`airportCode`,`city`,`name`,`country_id`) VALUES (808,'LPP','Lappeenranta','Lappeenranta',111);
INSERT INTO `airport` (`id`,`airportCode`,`city`,`name`,`country_id`) VALUES (809,'LAR','Laramie','Laramie',5);
INSERT INTO `airport` (`id`,`airportCode`,`city`,`name`,`country_id`) VALUES (810,'LRD','Laredo','Laredo',5);
INSERT INTO `airport` (`id`,`airportCode`,`city`,`name`,`country_id`) VALUES (811,'LCA','Larnaca','Larnaca',25);
INSERT INTO `airport` (`id`,`airportCode`,`city`,`name`,`country_id`) VALUES (812,'LPA','Las','Las Palmas',30);
INSERT INTO `airport` (`id`,`airportCode`,`city`,`name`,`country_id`) VALUES (813,'LAS','Las','Las Vegas',5);
INSERT INTO `airport` (`id`,`airportCode`,`city`,`name`,`country_id`) VALUES (814,'LBE','Latrobe','Latrobe',5);
INSERT INTO `airport` (`id`,`airportCode`,`city`,`name`,`country_id`) VALUES (815,'LST','Launceston','Launceston',14);
INSERT INTO `airport` (`id`,`airportCode`,`city`,`name`,`country_id`) VALUES (816,'PIB','Laurel/Hattisburg','Laurel/Hattisburg',5);
INSERT INTO `airport` (`id`,`airportCode`,`city`,`name`,`country_id`) VALUES (817,'LVO','Laverton','Laverton',14);
INSERT INTO `airport` (`id`,`airportCode`,`city`,`name`,`country_id`) VALUES (818,'LAW','Lawton','Lawton',5);
INSERT INTO `airport` (`id`,`airportCode`,`city`,`name`,`country_id`) VALUES (819,'LZC','Lazaro','Lazaro Cardenas',10);
INSERT INTO `airport` (`id`,`airportCode`,`city`,`name`,`country_id`) VALUES (820,'YLR','Leaf','Leaf Rapids',50);
INSERT INTO `airport` (`id`,`airportCode`,`city`,`name`,`country_id`) VALUES (821,'LEA','Learmouth','Learmouth (Exmouth)',14);
INSERT INTO `airport` (`id`,`airportCode`,`city`,`name`,`country_id`) VALUES (822,'LEB','Lebanon','Lebanon',5);
INSERT INTO `airport` (`id`,`airportCode`,`city`,`name`,`country_id`) VALUES (823,'LBA','Leeds/Bradford','Leeds/Bradford',4);
INSERT INTO `airport` (`id`,`airportCode`,`city`,`name`,`country_id`) VALUES (824,'LER','Leinster','Leinster',14);
INSERT INTO `airport` (`id`,`airportCode`,`city`,`name`,`country_id`) VALUES (825,'LEJ','Leipzig','Leipzig',52);
INSERT INTO `airport` (`id`,`airportCode`,`city`,`name`,`country_id`) VALUES (826,'BJX','Leon','Leon',10);
INSERT INTO `airport` (`id`,`airportCode`,`city`,`name`,`country_id`) VALUES (827,'LNO','Leonora','Leonora',14);
INSERT INTO `airport` (`id`,`airportCode`,`city`,`name`,`country_id`) VALUES (828,'LWS','Lewiston','Lewiston',5);
INSERT INTO `airport` (`id`,`airportCode`,`city`,`name`,`country_id`) VALUES (829,'LWT','Lewistown','Lewistown',5);
INSERT INTO `airport` (`id`,`airportCode`,`city`,`name`,`country_id`) VALUES (830,'LEX','Lexington','Lexington',5);
INSERT INTO `airport` (`id`,`airportCode`,`city`,`name`,`country_id`) VALUES (831,'LBV','Libreville','Libreville',148);
INSERT INTO `airport` (`id`,`airportCode`,`city`,`name`,`country_id`) VALUES (832,'LDK','Lidkoeping','Lidkoeping',122);
INSERT INTO `airport` (`id`,`airportCode`,`city`,`name`,`country_id`) VALUES (833,'LGG','Liege','Liege',40);
INSERT INTO `airport` (`id`,`airportCode`,`city`,`name`,`country_id`) VALUES (834,'LPP','Lifou','Lifou',149);
INSERT INTO `airport` (`id`,`airportCode`,`city`,`name`,`country_id`) VALUES (835,'LIH','Lihue','Lihue',5);
INSERT INTO `airport` (`id`,`airportCode`,`city`,`name`,`country_id`) VALUES (836,'LIL','Lille','Lille',23);
INSERT INTO `airport` (`id`,`airportCode`,`city`,`name`,`country_id`) VALUES (837,'LLW','Lilongwe','Lilongwe - Lilongwe International',75);
INSERT INTO `airport` (`id`,`airportCode`,`city`,`name`,`country_id`) VALUES (838,'LIM','Lima','Lima - J Chavez Int\'l',134);
INSERT INTO `airport` (`id`,`airportCode`,`city`,`name`,`country_id`) VALUES (839,'QLI','Limassol','Limassol',25);
INSERT INTO `airport` (`id`,`airportCode`,`city`,`name`,`country_id`) VALUES (840,'LIG','Limoges','Limoges',23);
INSERT INTO `airport` (`id`,`airportCode`,`city`,`name`,`country_id`) VALUES (841,'LNK','Lincoln','Lincoln',5);
INSERT INTO `airport` (`id`,`airportCode`,`city`,`name`,`country_id`) VALUES (842,'LDC','Lindeman','Lindeman Island',14);
INSERT INTO `airport` (`id`,`airportCode`,`city`,`name`,`country_id`) VALUES (843,'LNZ','Linz','Linz - Hoersching',124);
INSERT INTO `airport` (`id`,`airportCode`,`city`,`name`,`country_id`) VALUES (844,'DRP','Lisala','Lisala',150);
INSERT INTO `airport` (`id`,`airportCode`,`city`,`name`,`country_id`) VALUES (845,'LIS','Lisbon','Lisbon - Lisboa',114);
INSERT INTO `airport` (`id`,`airportCode`,`city`,`name`,`country_id`) VALUES (846,'LSY','Lismore','Lismore',14);
INSERT INTO `airport` (`id`,`airportCode`,`city`,`name`,`country_id`) VALUES (847,'LIT','Little','Little Rock',5);
INSERT INTO `airport` (`id`,`airportCode`,`city`,`name`,`country_id`) VALUES (848,'LPL','Liverpool','Liverpool',4);
INSERT INTO `airport` (`id`,`airportCode`,`city`,`name`,`country_id`) VALUES (849,'LZR','Lizard','Lizard Island',14);
INSERT INTO `airport` (`id`,`airportCode`,`city`,`name`,`country_id`) VALUES (850,'LJU','Ljubljana','Ljubljana - Brnik',151);
INSERT INTO `airport` (`id`,`airportCode`,`city`,`name`,`country_id`) VALUES (851,'IRG','Lockhart','Lockhart River',14);
INSERT INTO `airport` (`id`,`airportCode`,`city`,`name`,`country_id`) VALUES (852,'LFW','Lome','Lome',152);
INSERT INTO `airport` (`id`,`airportCode`,`city`,`name`,`country_id`) VALUES (853,'YXU','London','London',50);
INSERT INTO `airport` (`id`,`airportCode`,`city`,`name`,`country_id`) VALUES (854,'LON','London','London',4);
INSERT INTO `airport` (`id`,`airportCode`,`city`,`name`,`country_id`) VALUES (855,'LCY','London','London - City Airport',4);
INSERT INTO `airport` (`id`,`airportCode`,`city`,`name`,`country_id`) VALUES (856,'LGW','London','London - Gatwick',4);
INSERT INTO `airport` (`id`,`airportCode`,`city`,`name`,`country_id`) VALUES (857,'LHR','London','London - Heathrow',4);
INSERT INTO `airport` (`id`,`airportCode`,`city`,`name`,`country_id`) VALUES (858,'LTN','London','London - Luton',4);
INSERT INTO `airport` (`id`,`airportCode`,`city`,`name`,`country_id`) VALUES (859,'STN','London','London - Stansted',4);
INSERT INTO `airport` (`id`,`airportCode`,`city`,`name`,`country_id`) VALUES (860,'LGB','Long','Long Beach',5);
INSERT INTO `airport` (`id`,`airportCode`,`city`,`name`,`country_id`) VALUES (861,'LIJ','Long','Long Island',5);
INSERT INTO `airport` (`id`,`airportCode`,`city`,`name`,`country_id`) VALUES (862,'ISP','Long','Long Island',5);
INSERT INTO `airport` (`id`,`airportCode`,`city`,`name`,`country_id`) VALUES (863,'LRE','Longreach','Longreach',14);
INSERT INTO `airport` (`id`,`airportCode`,`city`,`name`,`country_id`) VALUES (864,'GGG','Longview/Kilgore','Longview/Kilgore',5);
INSERT INTO `airport` (`id`,`airportCode`,`city`,`name`,`country_id`) VALUES (865,'LYR','Longyearbyen','Longyearbyen - Svalbard',153);
INSERT INTO `airport` (`id`,`airportCode`,`city`,`name`,`country_id`) VALUES (866,'LTO','Loreto','Loreto',10);
INSERT INTO `airport` (`id`,`airportCode`,`city`,`name`,`country_id`) VALUES (867,'LRT','Lorient','Lorient',23);
INSERT INTO `airport` (`id`,`airportCode`,`city`,`name`,`country_id`) VALUES (868,'LAX','Los','Los Angeles',5);
INSERT INTO `airport` (`id`,`airportCode`,`city`,`name`,`country_id`) VALUES (869,'SJD','Los','Los Cabos',10);
INSERT INTO `airport` (`id`,`airportCode`,`city`,`name`,`country_id`) VALUES (870,'LMM','Los','Los Mochis',10);
INSERT INTO `airport` (`id`,`airportCode`,`city`,`name`,`country_id`) VALUES (871,'TFN','Los','Los Rodeos',154);
INSERT INTO `airport` (`id`,`airportCode`,`city`,`name`,`country_id`) VALUES (872,'LSZ','(Mali)','(Mali) Losinj - Losinj Arpt',106);
INSERT INTO `airport` (`id`,`airportCode`,`city`,`name`,`country_id`) VALUES (873,'LDE','Lourdes/Tarbes','Lourdes/Tarbes',23);
INSERT INTO `airport` (`id`,`airportCode`,`city`,`name`,`country_id`) VALUES (874,'SDF','Louisville','Louisville',5);
INSERT INTO `airport` (`id`,`airportCode`,`city`,`name`,`country_id`) VALUES (875,'LAD','Luanda','Luanda - 4 de Fevereiro',71);
INSERT INTO `airport` (`id`,`airportCode`,`city`,`name`,`country_id`) VALUES (876,'LBB','Lubbock','Lubbock',5);
INSERT INTO `airport` (`id`,`airportCode`,`city`,`name`,`country_id`) VALUES (877,'LKO','Lucknow','Lucknow',22);
INSERT INTO `airport` (`id`,`airportCode`,`city`,`name`,`country_id`) VALUES (878,'LUD','Luederitz','Luederitz',139);
INSERT INTO `airport` (`id`,`airportCode`,`city`,`name`,`country_id`) VALUES (879,'MLA','Luga','Luga',155);
INSERT INTO `airport` (`id`,`airportCode`,`city`,`name`,`country_id`) VALUES (880,'LUG','Lugano','Lugano',32);
INSERT INTO `airport` (`id`,`airportCode`,`city`,`name`,`country_id`) VALUES (881,'LLA','Lulea','Lulea',122);
INSERT INTO `airport` (`id`,`airportCode`,`city`,`name`,`country_id`) VALUES (882,'FBM','Lumbumbashi','Lumbumbashi',145);
INSERT INTO `airport` (`id`,`airportCode`,`city`,`name`,`country_id`) VALUES (883,'LUN','Lusaka','Lusaka',91);
INSERT INTO `airport` (`id`,`airportCode`,`city`,`name`,`country_id`) VALUES (884,'LUJ','Lusisiki','Lusisiki',20);
INSERT INTO `airport` (`id`,`airportCode`,`city`,`name`,`country_id`) VALUES (885,'LUX','Luxembourg','Luxembourg',156);
INSERT INTO `airport` (`id`,`airportCode`,`city`,`name`,`country_id`) VALUES (886,'LXR','Luxor','Luxor',9);
INSERT INTO `airport` (`id`,`airportCode`,`city`,`name`,`country_id`) VALUES (887,'LWO','Lvov','Lvov (Lwow, Lemberg)',140);
INSERT INTO `airport` (`id`,`airportCode`,`city`,`name`,`country_id`) VALUES (888,'LYH','Lynchburg','Lynchburg',5);
INSERT INTO `airport` (`id`,`airportCode`,`city`,`name`,`country_id`) VALUES (889,'LYS','Lyon','Lyon',23);
INSERT INTO `airport` (`id`,`airportCode`,`city`,`name`,`country_id`) VALUES (890,'MST','Maastricht/Aachen','Maastricht/Aachen',34);
INSERT INTO `airport` (`id`,`airportCode`,`city`,`name`,`country_id`) VALUES (891,'MCP','Macapa','Macapa',42);
INSERT INTO `airport` (`id`,`airportCode`,`city`,`name`,`country_id`) VALUES (892,'MCZ','Maceio','Maceio',42);
INSERT INTO `airport` (`id`,`airportCode`,`city`,`name`,`country_id`) VALUES (893,'MKY','Mackay','Mackay',14);
INSERT INTO `airport` (`id`,`airportCode`,`city`,`name`,`country_id`) VALUES (894,'MCN','Macon','Macon',5);
INSERT INTO `airport` (`id`,`airportCode`,`city`,`name`,`country_id`) VALUES (895,'NOP','Mactan','Mactan Island - Nab',90);
INSERT INTO `airport` (`id`,`airportCode`,`city`,`name`,`country_id`) VALUES (896,'MSN','Madison','Madison',5);
INSERT INTO `airport` (`id`,`airportCode`,`city`,`name`,`country_id`) VALUES (897,'MAA','Madras','Madras (Chennai)',22);
INSERT INTO `airport` (`id`,`airportCode`,`city`,`name`,`country_id`) VALUES (898,'MAD','Madrid','Madrid - Barajas',30);
INSERT INTO `airport` (`id`,`airportCode`,`city`,`name`,`country_id`) VALUES (899,'SEZ','Mahe','Mahe - Seychelles Int\'l',157);
INSERT INTO `airport` (`id`,`airportCode`,`city`,`name`,`country_id`) VALUES (900,'MAH','Mahon','Mahon',30);
INSERT INTO `airport` (`id`,`airportCode`,`city`,`name`,`country_id`) VALUES (901,'MTL','Maitland','Maitland',14);
INSERT INTO `airport` (`id`,`airportCode`,`city`,`name`,`country_id`) VALUES (902,'MJN','Majunga','Majunga',38);
INSERT INTO `airport` (`id`,`airportCode`,`city`,`name`,`country_id`) VALUES (903,'MZG','Makung','Makung',136);
INSERT INTO `airport` (`id`,`airportCode`,`city`,`name`,`country_id`) VALUES (904,'SSG','Malabo','Malabo',158);
INSERT INTO `airport` (`id`,`airportCode`,`city`,`name`,`country_id`) VALUES (905,'AGP','Malaga','Malaga',30);
INSERT INTO `airport` (`id`,`airportCode`,`city`,`name`,`country_id`) VALUES (906,'MLE','Male','Male - International',159);
INSERT INTO `airport` (`id`,`airportCode`,`city`,`name`,`country_id`) VALUES (907,'MYD','Malindi','Malindi',160);
INSERT INTO `airport` (`id`,`airportCode`,`city`,`name`,`country_id`) VALUES (908,'MMA','Malmo','Malmo (Malmoe)',122);
INSERT INTO `airport` (`id`,`airportCode`,`city`,`name`,`country_id`) VALUES (909,'MMX','Malmo','Malmo (Malmoe) - Sturup',122);
INSERT INTO `airport` (`id`,`airportCode`,`city`,`name`,`country_id`) VALUES (910,'MJC','Man','Man',6);
INSERT INTO `airport` (`id`,`airportCode`,`city`,`name`,`country_id`) VALUES (911,'MGA','Managua','Managua - Augusto C Sandino',161);
INSERT INTO `airport` (`id`,`airportCode`,`city`,`name`,`country_id`) VALUES (912,'MAO','Manaus','Manaus',42);
INSERT INTO `airport` (`id`,`airportCode`,`city`,`name`,`country_id`) VALUES (913,'MAN','Manchester','Manchester',4);
INSERT INTO `airport` (`id`,`airportCode`,`city`,`name`,`country_id`) VALUES (914,'MHT','Manchester','Manchester',5);
INSERT INTO `airport` (`id`,`airportCode`,`city`,`name`,`country_id`) VALUES (915,'MFO','Manguna','Manguna',147);
INSERT INTO `airport` (`id`,`airportCode`,`city`,`name`,`country_id`) VALUES (916,'XMH','Manihi','Manihi',78);
INSERT INTO `airport` (`id`,`airportCode`,`city`,`name`,`country_id`) VALUES (917,'MNL','Manila','Manila - Ninoy Aquino Int\'l',90);
INSERT INTO `airport` (`id`,`airportCode`,`city`,`name`,`country_id`) VALUES (918,'ZLO','Manzanillo','Manzanillo',10);
INSERT INTO `airport` (`id`,`airportCode`,`city`,`name`,`country_id`) VALUES (919,'MTS','Manzini','Manzini - Matsapha Int\'l',162);
INSERT INTO `airport` (`id`,`airportCode`,`city`,`name`,`country_id`) VALUES (920,'MPM','Maputo','Maputo - Maputo International',66);
INSERT INTO `airport` (`id`,`airportCode`,`city`,`name`,`country_id`) VALUES (921,'MDQ','Mar','Mar del Plata',84);
INSERT INTO `airport` (`id`,`airportCode`,`city`,`name`,`country_id`) VALUES (922,'MAR','Maracaibo','Maracaibo - La Chinita',62);
INSERT INTO `airport` (`id`,`airportCode`,`city`,`name`,`country_id`) VALUES (923,'MFQ','Maradi','Maradi',17);
INSERT INTO `airport` (`id`,`airportCode`,`city`,`name`,`country_id`) VALUES (924,'MTH','Marathon','Marathon',5);
INSERT INTO `airport` (`id`,`airportCode`,`city`,`name`,`country_id`) VALUES (925,'MEE','Mare','Mare',133);
INSERT INTO `airport` (`id`,`airportCode`,`city`,`name`,`country_id`) VALUES (926,'MGH','Margate','Margate',20);
INSERT INTO `airport` (`id`,`airportCode`,`city`,`name`,`country_id`) VALUES (927,'PMV','Margerita','Margerita',62);
INSERT INTO `airport` (`id`,`airportCode`,`city`,`name`,`country_id`) VALUES (928,'MBX','Maribor','Maribor',151);
INSERT INTO `airport` (`id`,`airportCode`,`city`,`name`,`country_id`) VALUES (929,'MHQ','Mariehamn','Mariehamn (Maarianhamina)',111);
INSERT INTO `airport` (`id`,`airportCode`,`city`,`name`,`country_id`) VALUES (930,'MVR','Maroua','Maroua',105);
INSERT INTO `airport` (`id`,`airportCode`,`city`,`name`,`country_id`) VALUES (931,'MQT','Marquette','Marquette',5);
INSERT INTO `airport` (`id`,`airportCode`,`city`,`name`,`country_id`) VALUES (932,'RAK','Marrakech','Marrakech - Menara',18);
INSERT INTO `airport` (`id`,`airportCode`,`city`,`name`,`country_id`) VALUES (933,'MUH','Marsa','Marsa Matrah (Marsa Matruh)',9);
INSERT INTO `airport` (`id`,`airportCode`,`city`,`name`,`country_id`) VALUES (934,'MRS','Marseille','Marseille',23);
INSERT INTO `airport` (`id`,`airportCode`,`city`,`name`,`country_id`) VALUES (935,'MHH','Marsh','Marsh Harbour',93);
INSERT INTO `airport` (`id`,`airportCode`,`city`,`name`,`country_id`) VALUES (936,'MVY','Martha\'s','Martha\'s Vineyard',5);
INSERT INTO `airport` (`id`,`airportCode`,`city`,`name`,`country_id`) VALUES (937,'MBH','Maryborough','Maryborough',14);
INSERT INTO `airport` (`id`,`airportCode`,`city`,`name`,`country_id`) VALUES (938,'MSU','Maseru','Maseru - Moshoeshoe Int\'l',163);
INSERT INTO `airport` (`id`,`airportCode`,`city`,`name`,`country_id`) VALUES (939,'MCW','Mason','Mason City',5);
INSERT INTO `airport` (`id`,`airportCode`,`city`,`name`,`country_id`) VALUES (940,'MVZ','Masvingo','Masvingo',85);
INSERT INTO `airport` (`id`,`airportCode`,`city`,`name`,`country_id`) VALUES (941,'MMJ','Matsumoto,','Matsumoto, Nagano',24);
INSERT INTO `airport` (`id`,`airportCode`,`city`,`name`,`country_id`) VALUES (942,'MYJ','Matsuyama','Matsuyama',24);
INSERT INTO `airport` (`id`,`airportCode`,`city`,`name`,`country_id`) VALUES (943,'MTO','Mattoon','Mattoon',5);
INSERT INTO `airport` (`id`,`airportCode`,`city`,`name`,`country_id`) VALUES (944,'MUB','Maun','Maun',118);
INSERT INTO `airport` (`id`,`airportCode`,`city`,`name`,`country_id`) VALUES (945,'MAU','Maupiti','Maupiti',78);
INSERT INTO `airport` (`id`,`airportCode`,`city`,`name`,`country_id`) VALUES (946,'MRU','Mauritius','Mauritius - S.Seewoosagur Ram Int\'l',164);
INSERT INTO `airport` (`id`,`airportCode`,`city`,`name`,`country_id`) VALUES (947,'MAZ','Mayaguez','Mayaguez',21);
INSERT INTO `airport` (`id`,`airportCode`,`city`,`name`,`country_id`) VALUES (948,'MZT','Mazatlan','Mazatlan',10);
INSERT INTO `airport` (`id`,`airportCode`,`city`,`name`,`country_id`) VALUES (949,'MFE','McAllen','McAllen',5);
INSERT INTO `airport` (`id`,`airportCode`,`city`,`name`,`country_id`) VALUES (950,'MES','Medan','Medan',100);
INSERT INTO `airport` (`id`,`airportCode`,`city`,`name`,`country_id`) VALUES (951,'MDE','Medellin','Medellin',46);
INSERT INTO `airport` (`id`,`airportCode`,`city`,`name`,`country_id`) VALUES (952,'MFR','Medford','Medford',5);
INSERT INTO `airport` (`id`,`airportCode`,`city`,`name`,`country_id`) VALUES (953,'MED','Medina','Medina',101);
INSERT INTO `airport` (`id`,`airportCode`,`city`,`name`,`country_id`) VALUES (954,'MKR','Meekatharra','Meekatharra',14);
INSERT INTO `airport` (`id`,`airportCode`,`city`,`name`,`country_id`) VALUES (955,'MEL','Melbourne','Melbourne - Tullamarine',14);
INSERT INTO `airport` (`id`,`airportCode`,`city`,`name`,`country_id`) VALUES (956,'MLB','Melbourne','Melbourne',5);
INSERT INTO `airport` (`id`,`airportCode`,`city`,`name`,`country_id`) VALUES (957,'MEM','Memphis','Memphis',5);
INSERT INTO `airport` (`id`,`airportCode`,`city`,`name`,`country_id`) VALUES (958,'MDZ','Mendoza','Mendoza',84);
INSERT INTO `airport` (`id`,`airportCode`,`city`,`name`,`country_id`) VALUES (959,'MDC','Manado','Manado',100);
INSERT INTO `airport` (`id`,`airportCode`,`city`,`name`,`country_id`) VALUES (960,'MCE','Merced','Merced',5);
INSERT INTO `airport` (`id`,`airportCode`,`city`,`name`,`country_id`) VALUES (961,'MID','Merida','Merida',10);
INSERT INTO `airport` (`id`,`airportCode`,`city`,`name`,`country_id`) VALUES (962,'MEI','Meridian','Meridian',5);
INSERT INTO `airport` (`id`,`airportCode`,`city`,`name`,`country_id`) VALUES (963,'MIM','Merimbula','Merimbula',14);
INSERT INTO `airport` (`id`,`airportCode`,`city`,`name`,`country_id`) VALUES (964,'MEZ','Messina','Messina',20);
INSERT INTO `airport` (`id`,`airportCode`,`city`,`name`,`country_id`) VALUES (965,'MTM','Metlakatla','Metlakatla',5);
INSERT INTO `airport` (`id`,`airportCode`,`city`,`name`,`country_id`) VALUES (966,'MZM','Metz','Metz',23);
INSERT INTO `airport` (`id`,`airportCode`,`city`,`name`,`country_id`) VALUES (967,'MXL','Mexicali','Mexicali',10);
INSERT INTO `airport` (`id`,`airportCode`,`city`,`name`,`country_id`) VALUES (968,'MEX','Mexico','Mexico City',10);
INSERT INTO `airport` (`id`,`airportCode`,`city`,`name`,`country_id`) VALUES (969,'MEX','Mexico','Mexico City - Juarez International',10);
INSERT INTO `airport` (`id`,`airportCode`,`city`,`name`,`country_id`) VALUES (970,'MFU','Mfuwe','Mfuwe',91);
INSERT INTO `airport` (`id`,`airportCode`,`city`,`name`,`country_id`) VALUES (971,'MIA','Miami','Miami',5);
INSERT INTO `airport` (`id`,`airportCode`,`city`,`name`,`country_id`) VALUES (972,'MWD','Mianwali','Mianwali',54);
INSERT INTO `airport` (`id`,`airportCode`,`city`,`name`,`country_id`) VALUES (973,'MMM','Middlemount','Middlemount',14);
INSERT INTO `airport` (`id`,`airportCode`,`city`,`name`,`country_id`) VALUES (974,'MAF','Midland/Odessa','Midland/Odessa',5);
INSERT INTO `airport` (`id`,`airportCode`,`city`,`name`,`country_id`) VALUES (975,'MIK','Mikkeli','Mikkeli',111);
INSERT INTO `airport` (`id`,`airportCode`,`city`,`name`,`country_id`) VALUES (976,'MIL','Milan','Milan',28);
INSERT INTO `airport` (`id`,`airportCode`,`city`,`name`,`country_id`) VALUES (977,'LIN','Milan','Milan - Linate',28);
INSERT INTO `airport` (`id`,`airportCode`,`city`,`name`,`country_id`) VALUES (978,'MXP','Milan','Milan - Malpensa',28);
INSERT INTO `airport` (`id`,`airportCode`,`city`,`name`,`country_id`) VALUES (979,'BGY','Milan','Milan - Orio Al Serio',28);
INSERT INTO `airport` (`id`,`airportCode`,`city`,`name`,`country_id`) VALUES (980,'MQL','Mildura','Mildura',14);
INSERT INTO `airport` (`id`,`airportCode`,`city`,`name`,`country_id`) VALUES (981,'MLS','Miles','Miles City',5);
INSERT INTO `airport` (`id`,`airportCode`,`city`,`name`,`country_id`) VALUES (982,'MFN','Milford','Milford Sound',51);
INSERT INTO `airport` (`id`,`airportCode`,`city`,`name`,`country_id`) VALUES (983,'MKE','Milwaukee','Milwaukee',5);
INSERT INTO `airport` (`id`,`airportCode`,`city`,`name`,`country_id`) VALUES (984,'MTT','Minatitlan','Minatitlan',10);
INSERT INTO `airport` (`id`,`airportCode`,`city`,`name`,`country_id`) VALUES (985,'MRV','Mineralnye','Mineralnye Vody',16);
INSERT INTO `airport` (`id`,`airportCode`,`city`,`name`,`country_id`) VALUES (986,'MSP','Minneapolis','Minneapolis - St. Paul Int\'l Airport',5);
INSERT INTO `airport` (`id`,`airportCode`,`city`,`name`,`country_id`) VALUES (987,'MOT','Minot','Minot',5);
INSERT INTO `airport` (`id`,`airportCode`,`city`,`name`,`country_id`) VALUES (988,'MSQ','Minsk,','Minsk, International',165);
INSERT INTO `airport` (`id`,`airportCode`,`city`,`name`,`country_id`) VALUES (989,'MYY','Miri','Miri',73);
INSERT INTO `airport` (`id`,`airportCode`,`city`,`name`,`country_id`) VALUES (990,'QML','Mirpur','Mirpur',54);
INSERT INTO `airport` (`id`,`airportCode`,`city`,`name`,`country_id`) VALUES (991,'MSO','Missula','Missula',5);
INSERT INTO `airport` (`id`,`airportCode`,`city`,`name`,`country_id`) VALUES (992,'MHE','Mitchell','Mitchell',5);
INSERT INTO `airport` (`id`,`airportCode`,`city`,`name`,`country_id`) VALUES (993,'MMY','Miyako','Miyako Jima (Ryuku Islands) - Hirara',24);
INSERT INTO `airport` (`id`,`airportCode`,`city`,`name`,`country_id`) VALUES (994,'MBM','Mkambati','Mkambati',20);
INSERT INTO `airport` (`id`,`airportCode`,`city`,`name`,`country_id`) VALUES (995,'MFF','Moanda','Moanda',148);
INSERT INTO `airport` (`id`,`airportCode`,`city`,`name`,`country_id`) VALUES (996,'MOB','Mobile','Mobile',5);
INSERT INTO `airport` (`id`,`airportCode`,`city`,`name`,`country_id`) VALUES (997,'MOD','Modesto','Modesto',5);
INSERT INTO `airport` (`id`,`airportCode`,`city`,`name`,`country_id`) VALUES (998,'MJD','Moenjodaro','Moenjodaro',54);
INSERT INTO `airport` (`id`,`airportCode`,`city`,`name`,`country_id`) VALUES (999,'MGQ','Mogadischu','Mogadischu',166);
INSERT INTO `airport` (`id`,`airportCode`,`city`,`name`,`country_id`) VALUES (1000,'OKU','Mokuti','Mokuti',139);
INSERT INTO `airport` (`id`,`airportCode`,`city`,`name`,`country_id`) VALUES (1001,'MLI','Moline/Quad','Moline/Quad Cities',5);
INSERT INTO `airport` (`id`,`airportCode`,`city`,`name`,`country_id`) VALUES (1002,'MBA','Mombasa','Mombasa - Moi International',160);
INSERT INTO `airport` (`id`,`airportCode`,`city`,`name`,`country_id`) VALUES (1003,'MIR','Monastir','Monastir',102);
INSERT INTO `airport` (`id`,`airportCode`,`city`,`name`,`country_id`) VALUES (1004,'MLU','Monroe','Monroe',5);
INSERT INTO `airport` (`id`,`airportCode`,`city`,`name`,`country_id`) VALUES (1005,'MLW','Monrovia','Monrovia',167);
INSERT INTO `airport` (`id`,`airportCode`,`city`,`name`,`country_id`) VALUES (1006,'ROB','Monrovia','Monrovia - Roberts Int\'l',167);
INSERT INTO `airport` (`id`,`airportCode`,`city`,`name`,`country_id`) VALUES (1007,'MBJ','Montenego','Montenego Bay',143);
INSERT INTO `airport` (`id`,`airportCode`,`city`,`name`,`country_id`) VALUES (1008,'QGF','Montenegro','Montenegro',42);
INSERT INTO `airport` (`id`,`airportCode`,`city`,`name`,`country_id`) VALUES (1009,'MRY','Monterey','Monterey',5);
INSERT INTO `airport` (`id`,`airportCode`,`city`,`name`,`country_id`) VALUES (1010,'MTY','Monterrey','Monterrey',10);
INSERT INTO `airport` (`id`,`airportCode`,`city`,`name`,`country_id`) VALUES (1011,'NTR','Monterrey','Monterrey - Aeropuerto Del Norte',10);
INSERT INTO `airport` (`id`,`airportCode`,`city`,`name`,`country_id`) VALUES (1012,'MVD','Montevideo','Montevideo - Carrasco',168);
INSERT INTO `airport` (`id`,`airportCode`,`city`,`name`,`country_id`) VALUES (1013,'MGM','Montgomery','Montgomery',5);
INSERT INTO `airport` (`id`,`airportCode`,`city`,`name`,`country_id`) VALUES (1014,'MPL','Montpellier','Montpellier - Frejorgues',23);
INSERT INTO `airport` (`id`,`airportCode`,`city`,`name`,`country_id`) VALUES (1015,'YMQ','Montreal','Montreal',50);
INSERT INTO `airport` (`id`,`airportCode`,`city`,`name`,`country_id`) VALUES (1016,'YUL','Montreal','Montreal - Dorval',50);
INSERT INTO `airport` (`id`,`airportCode`,`city`,`name`,`country_id`) VALUES (1017,'YMX','Montreal','Montreal - Mirabel',50);
INSERT INTO `airport` (`id`,`airportCode`,`city`,`name`,`country_id`) VALUES (1018,'MTJ','Montrose/Tellruide','Montrose/Tellruide',5);
INSERT INTO `airport` (`id`,`airportCode`,`city`,`name`,`country_id`) VALUES (1019,'MOZ','Moorea','Moorea',78);
INSERT INTO `airport` (`id`,`airportCode`,`city`,`name`,`country_id`) VALUES (1020,'MOV','Moranbah','Moranbah',14);
INSERT INTO `airport` (`id`,`airportCode`,`city`,`name`,`country_id`) VALUES (1021,'MRZ','Moree','Moree',14);
INSERT INTO `airport` (`id`,`airportCode`,`city`,`name`,`country_id`) VALUES (1022,'MLM','Morelia','Morelia',10);
INSERT INTO `airport` (`id`,`airportCode`,`city`,`name`,`country_id`) VALUES (1023,'MGW','Morgantown','Morgantown',5);
INSERT INTO `airport` (`id`,`airportCode`,`city`,`name`,`country_id`) VALUES (1024,'HNA','Morioka,','Morioka, Hanamaki',24);
INSERT INTO `airport` (`id`,`airportCode`,`city`,`name`,`country_id`) VALUES (1025,'HAH','Moroni','Moroni - Prince Said Ibrahim',37);
INSERT INTO `airport` (`id`,`airportCode`,`city`,`name`,`country_id`) VALUES (1026,'YVA','Moroni','Moroni - Iconi',37);
INSERT INTO `airport` (`id`,`airportCode`,`city`,`name`,`country_id`) VALUES (1027,'MOW','Moscow','Moscow - Metropolitan Area',16);
INSERT INTO `airport` (`id`,`airportCode`,`city`,`name`,`country_id`) VALUES (1028,'DME','Moscow','Moscow - Domodedovo',16);
INSERT INTO `airport` (`id`,`airportCode`,`city`,`name`,`country_id`) VALUES (1029,'SVO','Moscow','Moscow - Sheremetyevo',16);
INSERT INTO `airport` (`id`,`airportCode`,`city`,`name`,`country_id`) VALUES (1030,'VKO','Moscow','Moscow - Vnukovo',16);
INSERT INTO `airport` (`id`,`airportCode`,`city`,`name`,`country_id`) VALUES (1031,'MWH','Moses','Moses Lake',5);
INSERT INTO `airport` (`id`,`airportCode`,`city`,`name`,`country_id`) VALUES (1032,'OMO','Mostar','Mostar',169);
INSERT INTO `airport` (`id`,`airportCode`,`city`,`name`,`country_id`) VALUES (1033,'OSM','Mosul','Mosul',53);
INSERT INTO `airport` (`id`,`airportCode`,`city`,`name`,`country_id`) VALUES (1034,'MJL','Mouila','Mouila',148);
INSERT INTO `airport` (`id`,`airportCode`,`city`,`name`,`country_id`) VALUES (1035,'MQQ','Moundou','Moundou',3);
INSERT INTO `airport` (`id`,`airportCode`,`city`,`name`,`country_id`) VALUES (1036,'GTN','Mount','Mount Cook',51);
INSERT INTO `airport` (`id`,`airportCode`,`city`,`name`,`country_id`) VALUES (1037,'MGB','Mount','Mount Gambier',14);
INSERT INTO `airport` (`id`,`airportCode`,`city`,`name`,`country_id`) VALUES (1038,'MMG','Mount','Mount Magnet',14);
INSERT INTO `airport` (`id`,`airportCode`,`city`,`name`,`country_id`) VALUES (1039,'ISA','Mt.','Mt. Isa',14);
INSERT INTO `airport` (`id`,`airportCode`,`city`,`name`,`country_id`) VALUES (1040,'MCL','Mt.','Mt. McKinley',5);
INSERT INTO `airport` (`id`,`airportCode`,`city`,`name`,`country_id`) VALUES (1041,'MUC','Muenchen','Muenchen (Munich) - Franz Josef Strauss',52);
INSERT INTO `airport` (`id`,`airportCode`,`city`,`name`,`country_id`) VALUES (1042,'FMO','Muenster/Osnabrueck','Muenster/Osnabrueck',52);
INSERT INTO `airport` (`id`,`airportCode`,`city`,`name`,`country_id`) VALUES (1043,'MSR','Muenster/Osnabrueck','Muenster/Osnabrueck',52);
INSERT INTO `airport` (`id`,`airportCode`,`city`,`name`,`country_id`) VALUES (1044,'MLH','Mulhouse','Mulhouse',23);
INSERT INTO `airport` (`id`,`airportCode`,`city`,`name`,`country_id`) VALUES (1045,'MUX','Multan','Multan',54);
INSERT INTO `airport` (`id`,`airportCode`,`city`,`name`,`country_id`) VALUES (1046,'MJV','Murcia','Murcia',30);
INSERT INTO `airport` (`id`,`airportCode`,`city`,`name`,`country_id`) VALUES (1047,'MMK','Murmansk','Murmansk',16);
INSERT INTO `airport` (`id`,`airportCode`,`city`,`name`,`country_id`) VALUES (1048,'MCT','Muscat','Muscat - Seeb',170);
INSERT INTO `airport` (`id`,`airportCode`,`city`,`name`,`country_id`) VALUES (1049,'MSL','Muscle','Muscle Shoals',5);
INSERT INTO `airport` (`id`,`airportCode`,`city`,`name`,`country_id`) VALUES (1050,'MKG','Muskegon','Muskegon',5);
INSERT INTO `airport` (`id`,`airportCode`,`city`,`name`,`country_id`) VALUES (1051,'MFG','Muzaffarabad','Muzaffarabad',54);
INSERT INTO `airport` (`id`,`airportCode`,`city`,`name`,`country_id`) VALUES (1052,'MVB','Mvengue','Mvengue',148);
INSERT INTO `airport` (`id`,`airportCode`,`city`,`name`,`country_id`) VALUES (1053,'JMK','Mykonos','Mykonos',45);
INSERT INTO `airport` (`id`,`airportCode`,`city`,`name`,`country_id`) VALUES (1054,'MYR','Myrtle','Myrtle Beach',5);
INSERT INTO `airport` (`id`,`airportCode`,`city`,`name`,`country_id`) VALUES (1055,'MJT','Mytilene','Mytilene (Lesbos)',45);
INSERT INTO `airport` (`id`,`airportCode`,`city`,`name`,`country_id`) VALUES (1056,'MZF','Mzamba','Mzamba',20);
INSERT INTO `airport` (`id`,`airportCode`,`city`,`name`,`country_id`) VALUES (1057,'NAN','Nadi','Nadi',171);
INSERT INTO `airport` (`id`,`airportCode`,`city`,`name`,`country_id`) VALUES (1058,'NGS','Nagasaki','Nagasaki',24);
INSERT INTO `airport` (`id`,`airportCode`,`city`,`name`,`country_id`) VALUES (1059,'NGO','Nagoya','Nagoya - Komaki AFB',24);
INSERT INTO `airport` (`id`,`airportCode`,`city`,`name`,`country_id`) VALUES (1060,'NAG','Nagpur','Nagpur',22);
INSERT INTO `airport` (`id`,`airportCode`,`city`,`name`,`country_id`) VALUES (1061,'NBO','Nairobi','Nairobi',160);
INSERT INTO `airport` (`id`,`airportCode`,`city`,`name`,`country_id`) VALUES (1062,'ENC','Nancy','Nancy',23);
INSERT INTO `airport` (`id`,`airportCode`,`city`,`name`,`country_id`) VALUES (1063,'YSR','Nanisivik','Nanisivik',50);
INSERT INTO `airport` (`id`,`airportCode`,`city`,`name`,`country_id`) VALUES (1064,'NTE','Nantes','Nantes',23);
INSERT INTO `airport` (`id`,`airportCode`,`city`,`name`,`country_id`) VALUES (1065,'ACK','Nantucket','Nantucket',5);
INSERT INTO `airport` (`id`,`airportCode`,`city`,`name`,`country_id`) VALUES (1066,'NAP','Naples','Naples',28);

INSERT INTO `period` (`id`,`departureDate`,`returnDate`) VALUES (1,'2015-10-08 12:00:00','2015-11-09 12:00:00');
INSERT INTO `residence` (`id`,`priceByDay`,`period_id`) VALUES (1,50,1);

insert into plane (planeCode, numberOfSeats) values ('045245405-0', 146);
insert into plane (planeCode, numberOfSeats) values ('993741062-2', 191);
insert into plane (planeCode, numberOfSeats) values ('314552614-6', 380);
insert into plane (planeCode, numberOfSeats) values ('543889619-4', 374);
insert into plane (planeCode, numberOfSeats) values ('420766309-6', 254);
insert into plane (planeCode, numberOfSeats) values ('555938380-5', 484);
insert into plane (planeCode, numberOfSeats) values ('757340568-5', 336);
insert into plane (planeCode, numberOfSeats) values ('520756702-0', 182);
insert into plane (planeCode, numberOfSeats) values ('205573793-7', 411);
insert into plane (planeCode, numberOfSeats) values ('466283004-4', 498);
insert into plane (planeCode, numberOfSeats) values ('256724998-2', 456);
insert into plane (planeCode, numberOfSeats) values ('541632367-1', 250);
insert into plane (planeCode, numberOfSeats) values ('108555949-1', 495);
insert into plane (planeCode, numberOfSeats) values ('751082846-5', 246);
insert into plane (planeCode, numberOfSeats) values ('504051830-7', 185);
insert into plane (planeCode, numberOfSeats) values ('757272488-4', 219);
insert into plane (planeCode, numberOfSeats) values ('937193059-4', 104);
insert into plane (planeCode, numberOfSeats) values ('313424342-3', 271);
insert into plane (planeCode, numberOfSeats) values ('670718781-3', 170);
insert into plane (planeCode, numberOfSeats) values ('821679282-4', 241);
insert into plane (planeCode, numberOfSeats) values ('558658661-4', 65);
insert into plane (planeCode, numberOfSeats) values ('450088641-9', 454);
insert into plane (planeCode, numberOfSeats) values ('183275176-7', 171);
insert into plane (planeCode, numberOfSeats) values ('407816214-2', 395);
insert into plane (planeCode, numberOfSeats) values ('630384127-9', 458);
insert into plane (planeCode, numberOfSeats) values ('073149673-6', 51);
insert into plane (planeCode, numberOfSeats) values ('988085412-8', 407);
insert into plane (planeCode, numberOfSeats) values ('423707289-4', 323);
insert into plane (planeCode, numberOfSeats) values ('546158590-6', 345);
insert into plane (planeCode, numberOfSeats) values ('736561181-2', 338);
insert into plane (planeCode, numberOfSeats) values ('578781133-X', 222);
insert into plane (planeCode, numberOfSeats) values ('374216201-2', 69);
insert into plane (planeCode, numberOfSeats) values ('218034315-9', 335);
insert into plane (planeCode, numberOfSeats) values ('487062964-X', 226);
insert into plane (planeCode, numberOfSeats) values ('208313444-3', 87);
insert into plane (planeCode, numberOfSeats) values ('303043928-3', 178);
insert into plane (planeCode, numberOfSeats) values ('880190437-1', 187);
insert into plane (planeCode, numberOfSeats) values ('291543764-5', 474);
insert into plane (planeCode, numberOfSeats) values ('221857763-1', 328);
insert into plane (planeCode, numberOfSeats) values ('975055887-1', 139);
insert into plane (planeCode, numberOfSeats) values ('597478296-8', 101);
insert into plane (planeCode, numberOfSeats) values ('047260909-2', 271);
insert into plane (planeCode, numberOfSeats) values ('536798610-2', 56);
insert into plane (planeCode, numberOfSeats) values ('359565742-X', 164);
insert into plane (planeCode, numberOfSeats) values ('314971985-2', 98);
insert into plane (planeCode, numberOfSeats) values ('296132956-6', 52);
insert into plane (planeCode, numberOfSeats) values ('049663998-6', 175);
insert into plane (planeCode, numberOfSeats) values ('357707340-3', 62);
insert into plane (planeCode, numberOfSeats) values ('396001204-7', 162);
insert into plane (planeCode, numberOfSeats) values ('415624273-0', 251);
insert into plane (planeCode, numberOfSeats) values ('572594667-3', 115);
insert into plane (planeCode, numberOfSeats) values ('221074757-0', 357);
insert into plane (planeCode, numberOfSeats) values ('632373241-6', 487);
insert into plane (planeCode, numberOfSeats) values ('780103397-3', 127);
insert into plane (planeCode, numberOfSeats) values ('705976659-6', 428);
insert into plane (planeCode, numberOfSeats) values ('046538475-7', 384);
insert into plane (planeCode, numberOfSeats) values ('280334991-4', 453);
insert into plane (planeCode, numberOfSeats) values ('980167791-0', 55);
insert into plane (planeCode, numberOfSeats) values ('347807764-8', 423);
insert into plane (planeCode, numberOfSeats) values ('894616477-8', 274);
insert into plane (planeCode, numberOfSeats) values ('414577187-7', 162);
insert into plane (planeCode, numberOfSeats) values ('396182725-7', 416);
insert into plane (planeCode, numberOfSeats) values ('980088092-5', 300);
insert into plane (planeCode, numberOfSeats) values ('926620513-3', 129);
insert into plane (planeCode, numberOfSeats) values ('373136265-1', 175);
insert into plane (planeCode, numberOfSeats) values ('244709998-3', 84);
insert into plane (planeCode, numberOfSeats) values ('329019230-X', 64);
insert into plane (planeCode, numberOfSeats) values ('807881328-7', 318);
insert into plane (planeCode, numberOfSeats) values ('368029223-6', 217);
insert into plane (planeCode, numberOfSeats) values ('748246010-1', 207);
insert into plane (planeCode, numberOfSeats) values ('128977089-1', 194);
insert into plane (planeCode, numberOfSeats) values ('873224183-6', 436);
insert into plane (planeCode, numberOfSeats) values ('663293303-3', 424);
insert into plane (planeCode, numberOfSeats) values ('869570861-6', 131);
insert into plane (planeCode, numberOfSeats) values ('413004484-2', 88);
insert into plane (planeCode, numberOfSeats) values ('842571510-5', 291);
insert into plane (planeCode, numberOfSeats) values ('551816537-4', 178);
insert into plane (planeCode, numberOfSeats) values ('739711609-4', 424);
insert into plane (planeCode, numberOfSeats) values ('558198391-7', 481);
insert into plane (planeCode, numberOfSeats) values ('471547211-2', 84);
insert into plane (planeCode, numberOfSeats) values ('033253236-4', 473);
insert into plane (planeCode, numberOfSeats) values ('344795445-0', 294);
insert into plane (planeCode, numberOfSeats) values ('363233443-9', 197);
insert into plane (planeCode, numberOfSeats) values ('417197911-0', 434);
insert into plane (planeCode, numberOfSeats) values ('822067064-9', 66);
insert into plane (planeCode, numberOfSeats) values ('927830662-2', 376);
insert into plane (planeCode, numberOfSeats) values ('698575330-2', 348);
insert into plane (planeCode, numberOfSeats) values ('318880759-7', 76);
insert into plane (planeCode, numberOfSeats) values ('122312612-9', 418);
insert into plane (planeCode, numberOfSeats) values ('217252691-6', 496);
insert into plane (planeCode, numberOfSeats) values ('625815926-5', 87);
insert into plane (planeCode, numberOfSeats) values ('055195883-9', 498);
insert into plane (planeCode, numberOfSeats) values ('969843854-8', 197);
insert into plane (planeCode, numberOfSeats) values ('734321595-7', 453);
insert into plane (planeCode, numberOfSeats) values ('619582705-3', 60);
insert into plane (planeCode, numberOfSeats) values ('146617306-8', 279);
insert into plane (planeCode, numberOfSeats) values ('312287163-7', 151);
insert into plane (planeCode, numberOfSeats) values ('108822480-6', 494);
insert into plane (planeCode, numberOfSeats) values ('560018333-X', 267);
insert into plane (planeCode, numberOfSeats) values ('825378694-8', 236);

INSERT INTO `flight` (`id`,`arrivalDate`,`availablePlaces`,`departureDate`,`flightCode`,`price`,`airline_id`,`arrivalAirport_id`,`departAirport_id`,`plane_id`) VALUES (1,'2015-10-09 12:00:00',146,'2015-10-08 12:00:00','ABC-123',250,2,97,228,1);
INSERT INTO `flight` (`id`,`arrivalDate`,`availablePlaces`,`departureDate`,`flightCode`,`price`,`airline_id`,`arrivalAirport_id`,`departAirport_id`,`plane_id`) VALUES (2,'2015-11-10 12:00:00',191,'2015-11-09 12:00:00','DEF-456',250,2,228,97,2);

INSERT INTO `user` (`id`,`password`,`username`) VALUES (2,'7f3fa48ca885678134842fa7456f3ece53a97f843b610185d900ac4e467c7490','partner');
INSERT INTO `user` (`id`,`password`,`username`) VALUES (3,'9d586dc0a48a2ed04839e0a69750893438e8d379e2fa45e94e82c5b3abb00daa','emp');

INSERT INTO `partner` (`id`,`airline_id`) VALUES (2,2);

INSERT INTO `userroles` (`userId`,`role`) VALUES (2,'PARTNER');
INSERT INTO `userroles` (`userId`,`role`) VALUES (3,'EMPLOYEE');

INSERT INTO `employee` (`admin`,`id`) VALUES (0,3);

INSERT INTO `trip` (`id`,`destination`,`price`,`tripName`,`fromFlight_id`,`period_id`,`toFlight_id`) VALUES (1,'Athens',2125,'BruAth',2,1,1);
